question_id,image_required,source,template,file,status
1,True,code_questions_approved,code_block_bw,q_00001_code_bw.png,included_approved_code
2,True,code_questions_approved,code_block_bw,q_00002_code_bw.png,included_approved_code
3,True,code_questions_approved,code_block_bw,q_00003_code_bw.png,included_approved_code
4,True,code_questions_approved,code_block_bw,q_00004_code_bw.png,included_approved_code
5,True,code_questions_approved,code_block_bw,q_00005_code_bw.png,included_approved_code
6,True,code_questions_approved,code_block_bw,q_00006_code_bw.png,included_approved_code
7,True,code_questions_approved,code_block_bw,q_00007_code_bw.png,included_approved_code
8,True,code_questions_approved,code_block_bw,q_00008_code_bw.png,included_approved_code
9,True,code_questions_approved,code_block_bw,q_00009_code_bw.png,included_approved_code
10,True,code_questions_approved,code_block_bw,q_00010_code_bw.png,included_approved_code
11,True,code_questions_approved,code_block_bw,q_00011_code_bw.png,included_approved_code
12,True,code_questions_approved,code_block_bw,q_00012_code_bw.png,included_approved_code
13,True,code_questions_approved,code_block_bw,q_00013_code_bw.png,included_approved_code
14,True,code_questions_approved,code_block_bw,q_00014_code_bw.png,included_approved_code
15,True,code_questions_approved,code_block_bw,q_00015_code_bw.png,included_approved_code
16,True,code_questions_approved,code_block_bw,q_00016_code_bw.png,included_approved_code
17,True,code_questions_approved,code_block_bw,q_00017_code_bw.png,included_approved_code
18,True,code_questions_approved,code_block_bw,q_00018_code_bw.png,included_approved_code
19,True,code_questions_approved,code_block_bw,q_00019_code_bw.png,included_approved_code
20,True,code_questions_approved,code_block_bw,q_00020_code_bw.png,included_approved_code
21,True,code_questions_approved,code_block_bw,q_00021_code_bw.png,included_approved_code
22,True,code_questions_approved,code_block_bw,q_00022_code_bw.png,included_approved_code
23,True,code_questions_approved,code_block_bw,q_00023_code_bw.png,included_approved_code
24,True,code_questions_approved,code_block_bw,q_00024_code_bw.png,included_approved_code
25,True,code_questions_approved,code_block_bw,q_00025_code_bw.png,included_approved_code
26,True,code_questions_approved,code_block_bw,q_00026_code_bw.png,included_approved_code
27,True,code_questions_approved,code_block_bw,q_00027_code_bw.png,included_approved_code
28,True,code_questions_approved,code_block_bw,q_00028_code_bw.png,included_approved_code
29,True,code_questions_approved,code_block_bw,q_00029_code_bw.png,included_approved_code
30,True,code_questions_approved,code_block_bw,q_00030_code_bw.png,included_approved_code
31,True,code_questions_approved,code_block_bw,q_00031_code_bw.png,included_approved_code
32,True,code_questions_approved,code_block_bw,q_00032_code_bw.png,included_approved_code
66,True,linear_algebra,matrix_vector,q_00066_visual_bw.png,included_existing_specific
70,True,linear_algebra,matrix_vector,q_00070_visual_bw.png,included_existing_specific
74,True,linear_algebra,matrix_vector,q_00074_visual_bw.png,included_existing_specific
78,True,linear_algebra,matrix_vector,q_00078_visual_bw.png,included_existing_specific
82,True,linear_algebra,matrix_vector,q_00082_visual_bw.png,included_existing_specific
86,True,linear_algebra,matrix_vector,q_00086_visual_bw.png,included_existing_specific
90,True,linear_algebra,matrix_vector,q_00090_visual_bw.png,included_existing_specific
94,True,linear_algebra,matrix_vector,q_00094_visual_bw.png,included_existing_specific
98,True,statistics_probability,probability_table,q_00098_visual_bw.png,included_existing_specific
118,True,statistics_probability,probability_table,q_00118_visual_bw.png,included_existing_specific
225,True,code_questions_approved,code_block_bw,q_00225_code_bw.png,included_approved_code
226,True,code_questions_approved,code_block_bw,q_00226_code_bw.png,included_approved_code
227,True,code_questions_approved,code_block_bw,q_00227_code_bw.png,included_approved_code
228,True,code_questions_approved,code_block_bw,q_00228_code_bw.png,included_approved_code
229,True,code_questions_approved,code_block_bw,q_00229_code_bw.png,included_approved_code
230,True,code_questions_approved,code_block_bw,q_00230_code_bw.png,included_approved_code
231,True,code_questions_approved,code_block_bw,q_00231_code_bw.png,included_approved_code
232,True,code_questions_approved,code_block_bw,q_00232_code_bw.png,included_approved_code
233,True,code_questions_approved,code_block_bw,q_00233_code_bw.png,included_approved_code
234,True,code_questions_approved,code_block_bw,q_00234_code_bw.png,included_approved_code
235,True,code_questions_approved,code_block_bw,q_00235_code_bw.png,included_approved_code
236,True,code_questions_approved,code_block_bw,q_00236_code_bw.png,included_approved_code
237,True,code_questions_approved,code_block_bw,q_00237_code_bw.png,included_approved_code
238,True,code_questions_approved,code_block_bw,q_00238_code_bw.png,included_approved_code
239,True,code_questions_approved,code_block_bw,q_00239_code_bw.png,included_approved_code
240,True,code_questions_approved,code_block_bw,q_00240_code_bw.png,included_approved_code
241,True,code_questions_approved,code_block_bw,q_00241_code_bw.png,included_approved_code
242,True,code_questions_approved,code_block_bw,q_00242_code_bw.png,included_approved_code
243,True,code_questions_approved,code_block_bw,q_00243_code_bw.png,included_approved_code
244,True,code_questions_approved,code_block_bw,q_00244_code_bw.png,included_approved_code
245,True,code_questions_approved,code_block_bw,q_00245_code_bw.png,included_approved_code
246,True,code_questions_approved,code_block_bw,q_00246_code_bw.png,included_approved_code
247,True,code_questions_approved,code_block_bw,q_00247_code_bw.png,included_approved_code
248,True,code_questions_approved,code_block_bw,q_00248_code_bw.png,included_approved_code
249,True,code_questions_approved,code_block_bw,q_00249_code_bw.png,included_approved_code
250,True,code_questions_approved,code_block_bw,q_00250_code_bw.png,included_approved_code
251,True,code_questions_approved,code_block_bw,q_00251_code_bw.png,included_approved_code
252,True,code_questions_approved,code_block_bw,q_00252_code_bw.png,included_approved_code
253,True,code_questions_approved,code_block_bw,q_00253_code_bw.png,included_approved_code
254,True,code_questions_approved,code_block_bw,q_00254_code_bw.png,included_approved_code
255,True,code_questions_approved,code_block_bw,q_00255_code_bw.png,included_approved_code
256,True,code_questions_approved,code_block_bw,q_00256_code_bw.png,included_approved_code
293,True,physics_engineering_science,projectile_range,q_00293_visual_bw.png,included_existing_specific
294,True,physics_engineering_science,projectile_range,q_00294_visual_bw.png,included_existing_specific
295,True,physics_engineering_science,projectile_range,q_00295_visual_bw.png,included_existing_specific
296,True,physics_engineering_science,projectile_range,q_00296_visual_bw.png,included_existing_specific
418,True,code_questions_approved,code_block_bw,q_00418_code_bw.png,included_approved_code
422,True,code_questions_approved,code_block_bw,q_00422_code_bw.png,included_approved_code
426,True,code_questions_approved,code_block_bw,q_00426_code_bw.png,included_approved_code
430,True,code_questions_approved,code_block_bw,q_00430_code_bw.png,included_approved_code
434,True,code_questions_approved,code_block_bw,q_00434_code_bw.png,included_approved_code
438,True,code_questions_approved,code_block_bw,q_00438_code_bw.png,included_approved_code
442,True,code_questions_approved,code_block_bw,q_00442_code_bw.png,included_approved_code
446,True,code_questions_approved,code_block_bw,q_00446_code_bw.png,included_approved_code
546,True,code_questions_approved,code_block_bw,q_00546_code_bw.png,included_approved_code
547,True,code_questions_approved,code_block_bw,q_00547_code_bw.png,included_approved_code
548,True,code_questions_approved,code_block_bw,q_00548_code_bw.png,included_approved_code
550,True,code_questions_approved,code_block_bw,q_00550_code_bw.png,included_approved_code
551,True,code_questions_approved,code_block_bw,q_00551_code_bw.png,included_approved_code
552,True,code_questions_approved,code_block_bw,q_00552_code_bw.png,included_approved_code
554,True,code_questions_approved,code_block_bw,q_00554_code_bw.png,included_approved_code
555,True,code_questions_approved,code_block_bw,q_00555_code_bw.png,included_approved_code
556,True,code_questions_approved,code_block_bw,q_00556_code_bw.png,included_approved_code
558,True,code_questions_approved,code_block_bw,q_00558_code_bw.png,included_approved_code
559,True,code_questions_approved,code_block_bw,q_00559_code_bw.png,included_approved_code
560,True,code_questions_approved,code_block_bw,q_00560_code_bw.png,included_approved_code
562,True,code_questions_approved,code_block_bw,q_00562_code_bw.png,included_approved_code
563,True,code_questions_approved,code_block_bw,q_00563_code_bw.png,included_approved_code
564,True,code_questions_approved,code_block_bw,q_00564_code_bw.png,included_approved_code
566,True,code_questions_approved,code_block_bw,q_00566_code_bw.png,included_approved_code
567,True,code_questions_approved,code_block_bw,q_00567_code_bw.png,included_approved_code
568,True,code_questions_approved,code_block_bw,q_00568_code_bw.png,included_approved_code
570,True,code_questions_approved,code_block_bw,q_00570_code_bw.png,included_approved_code
571,True,code_questions_approved,code_block_bw,q_00571_code_bw.png,included_approved_code
572,True,code_questions_approved,code_block_bw,q_00572_code_bw.png,included_approved_code
574,True,code_questions_approved,code_block_bw,q_00574_code_bw.png,included_approved_code
575,True,code_questions_approved,code_block_bw,q_00575_code_bw.png,included_approved_code
576,True,code_questions_approved,code_block_bw,q_00576_code_bw.png,included_approved_code
578,True,code_questions_approved,code_block_bw,q_00578_code_bw.png,included_approved_code
579,True,code_questions_approved,code_block_bw,q_00579_code_bw.png,included_approved_code
580,True,code_questions_approved,code_block_bw,q_00580_code_bw.png,included_approved_code
582,True,code_questions_approved,code_block_bw,q_00582_code_bw.png,included_approved_code
583,True,code_questions_approved,code_block_bw,q_00583_code_bw.png,included_approved_code
584,True,code_questions_approved,code_block_bw,q_00584_code_bw.png,included_approved_code
586,True,code_questions_approved,code_block_bw,q_00586_code_bw.png,included_approved_code
587,True,code_questions_approved,code_block_bw,q_00587_code_bw.png,included_approved_code
588,True,code_questions_approved,code_block_bw,q_00588_code_bw.png,included_approved_code
590,True,code_questions_approved,code_block_bw,q_00590_code_bw.png,included_approved_code
591,True,code_questions_approved,code_block_bw,q_00591_code_bw.png,included_approved_code
592,True,code_questions_approved,code_block_bw,q_00592_code_bw.png,included_approved_code
594,True,code_questions_approved,code_block_bw,q_00594_code_bw.png,included_approved_code
595,True,code_questions_approved,code_block_bw,q_00595_code_bw.png,included_approved_code
598,True,code_questions_approved,code_block_bw,q_00598_code_bw.png,included_approved_code
599,True,code_questions_approved,code_block_bw,q_00599_code_bw.png,included_approved_code
602,True,code_questions_approved,code_block_bw,q_00602_code_bw.png,included_approved_code
603,True,code_questions_approved,code_block_bw,q_00603_code_bw.png,included_approved_code
606,True,code_questions_approved,code_block_bw,q_00606_code_bw.png,included_approved_code
607,True,code_questions_approved,code_block_bw,q_00607_code_bw.png,included_approved_code
610,True,code_questions_approved,code_block_bw,q_00610_code_bw.png,included_approved_code
611,True,code_questions_approved,code_block_bw,q_00611_code_bw.png,included_approved_code
614,True,code_questions_approved,code_block_bw,q_00614_code_bw.png,included_approved_code
615,True,code_questions_approved,code_block_bw,q_00615_code_bw.png,included_approved_code
618,True,code_questions_approved,code_block_bw,q_00618_code_bw.png,included_approved_code
619,True,code_questions_approved,code_block_bw,q_00619_code_bw.png,included_approved_code
622,True,code_questions_approved,code_block_bw,q_00622_code_bw.png,included_approved_code
623,True,code_questions_approved,code_block_bw,q_00623_code_bw.png,included_approved_code
627,True,code_questions_approved,code_block_bw,q_00627_code_bw.png,included_approved_code
631,True,code_questions_approved,code_block_bw,q_00631_code_bw.png,included_approved_code
635,True,code_questions_approved,code_block_bw,q_00635_code_bw.png,included_approved_code
639,True,code_questions_approved,code_block_bw,q_00639_code_bw.png,included_approved_code
643,True,code_questions_approved,code_block_bw,q_00643_code_bw.png,included_approved_code
647,True,code_questions_approved,code_block_bw,q_00647_code_bw.png,included_approved_code
651,True,code_questions_approved,code_block_bw,q_00651_code_bw.png,included_approved_code
655,True,code_questions_approved,code_block_bw,q_00655_code_bw.png,included_approved_code
1017,True,code_questions_approved,code_block_bw,q_01017_code_bw.png,included_approved_code
1018,True,code_questions_approved,code_block_bw,q_01018_code_bw.png,included_approved_code
1019,True,code_questions_approved,code_block_bw,q_01019_code_bw.png,included_approved_code
1020,True,code_questions_approved,code_block_bw,q_01020_code_bw.png,included_approved_code
1021,True,code_questions_approved,code_block_bw,q_01021_code_bw.png,included_approved_code
1022,True,code_questions_approved,code_block_bw,q_01022_code_bw.png,included_approved_code
1023,True,code_questions_approved,code_block_bw,q_01023_code_bw.png,included_approved_code
1024,True,code_questions_approved,code_block_bw,q_01024_code_bw.png,included_approved_code
1025,True,code_questions_approved,code_block_bw,q_01025_code_bw.png,included_approved_code
1026,True,code_questions_approved,code_block_bw,q_01026_code_bw.png,included_approved_code
1027,True,code_questions_approved,code_block_bw,q_01027_code_bw.png,included_approved_code
1028,True,code_questions_approved,code_block_bw,q_01028_code_bw.png,included_approved_code
1029,True,code_questions_approved,code_block_bw,q_01029_code_bw.png,included_approved_code
1030,True,code_questions_approved,code_block_bw,q_01030_code_bw.png,included_approved_code
1031,True,code_questions_approved,code_block_bw,q_01031_code_bw.png,included_approved_code
1032,True,code_questions_approved,code_block_bw,q_01032_code_bw.png,included_approved_code
1033,True,code_questions_approved,code_block_bw,q_01033_code_bw.png,included_approved_code
1035,True,code_questions_approved,code_block_bw,q_01035_code_bw.png,included_approved_code
1037,True,code_questions_approved,code_block_bw,q_01037_code_bw.png,included_approved_code
1039,True,code_questions_approved,code_block_bw,q_01039_code_bw.png,included_approved_code
1282,True,physics_engineering_science,beam_reaction,q_01282_visual_bw.png,included_existing_specific
1283,True,physics_engineering_science,beam_reaction,q_01283_visual_bw.png,included_existing_specific
1306,True,code_questions_approved,code_block_bw,q_01306_code_bw.png,included_approved_code
1307,True,code_questions_approved,code_block_bw,q_01307_code_bw.png,included_approved_code
1309,True,code_questions_approved,code_block_bw,q_01309_code_bw.png,included_approved_code
1310,True,code_questions_approved,code_block_bw,q_01310_code_bw.png,included_approved_code
1312,True,code_questions_approved,code_block_bw,q_01312_code_bw.png,included_approved_code
1313,True,code_questions_approved,code_block_bw,q_01313_code_bw.png,included_approved_code
1315,True,code_questions_approved,code_block_bw,q_01315_code_bw.png,included_approved_code
1316,True,code_questions_approved,code_block_bw,q_01316_code_bw.png,included_approved_code
1318,True,code_questions_approved,code_block_bw,q_01318_code_bw.png,included_approved_code
1319,True,code_questions_approved,code_block_bw,q_01319_code_bw.png,included_approved_code
1321,True,code_questions_approved,code_block_bw,q_01321_code_bw.png,included_approved_code
1322,True,code_questions_approved,code_block_bw,q_01322_code_bw.png,included_approved_code
1324,True,code_questions_approved,code_block_bw,q_01324_code_bw.png,included_approved_code
1325,True,code_questions_approved,code_block_bw,q_01325_code_bw.png,included_approved_code
1327,True,code_questions_approved,code_block_bw,q_01327_code_bw.png,included_approved_code
1328,True,code_questions_approved,code_block_bw,q_01328_code_bw.png,included_approved_code
1387,True,physics_engineering_science,thermal_expansion,q_01387_visual_bw.png,included_existing_specific
1476,True,physics_engineering_science,projectile_range,q_01476_visual_bw.png,included_existing_specific
1477,True,physics_engineering_science,projectile_range,q_01477_visual_bw.png,included_existing_specific
1478,True,physics_engineering_science,projectile_range,q_01478_visual_bw.png,included_existing_specific
1543,True,physics_engineering_science,survey_leveling,q_01543_visual_bw.png,included_existing_specific
1546,True,physics_engineering_science,survey_leveling,q_01546_visual_bw.png,included_existing_specific
1549,True,physics_engineering_science,survey_leveling,q_01549_visual_bw.png,included_existing_specific
1552,True,physics_engineering_science,survey_leveling,q_01552_visual_bw.png,included_existing_specific
1555,True,physics_engineering_science,survey_leveling,q_01555_visual_bw.png,included_existing_specific
1558,True,physics_engineering_science,survey_leveling,q_01558_visual_bw.png,included_existing_specific
1807,True,physics_engineering_science,survey_leveling,q_01807_visual_bw.png,included_existing_specific
1810,True,physics_engineering_science,survey_leveling,q_01810_visual_bw.png,included_existing_specific
1813,True,physics_engineering_science,survey_leveling,q_01813_visual_bw.png,included_existing_specific
1816,True,physics_engineering_science,survey_leveling,q_01816_visual_bw.png,included_existing_specific
1819,True,physics_engineering_science,survey_leveling,q_01819_visual_bw.png,included_existing_specific
1822,True,physics_engineering_science,survey_leveling,q_01822_visual_bw.png,included_existing_specific
1858,True,physics_engineering_science,soil_effective_stress,q_01858_visual_bw.png,included_existing_specific
1882,True,physics_engineering_science,beam_reaction,q_01882_visual_bw.png,included_existing_specific
1883,True,physics_engineering_science,beam_reaction,q_01883_visual_bw.png,included_existing_specific
1894,True,physics_engineering_science,beam_reaction,q_01894_visual_bw.png,included_existing_specific
1895,True,physics_engineering_science,beam_reaction,q_01895_visual_bw.png,included_existing_specific
1897,True,physics_engineering_science,beam_reaction,q_01897_visual_bw.png,included_existing_specific
1898,True,physics_engineering_science,beam_reaction,q_01898_visual_bw.png,included_existing_specific
2185,True,physics_engineering_science,beam_reaction,q_02185_visual_bw.png,included_existing_specific
2189,True,physics_engineering_science,beam_reaction,q_02189_visual_bw.png,included_existing_specific
2195,True,physics_engineering_science,beam_reaction,q_02195_visual_bw.png,included_existing_specific
2196,True,physics_engineering_science,beam_reaction,q_02196_visual_bw.png,included_existing_specific
2197,True,physics_engineering_science,beam_reaction,q_02197_visual_bw.png,included_existing_specific
2201,True,physics_engineering_science,beam_reaction,q_02201_visual_bw.png,included_existing_specific
2207,True,physics_engineering_science,beam_reaction,q_02207_visual_bw.png,included_existing_specific
2208,True,physics_engineering_science,beam_reaction,q_02208_visual_bw.png,included_existing_specific
2377,True,physics_engineering_science,sdof,q_02377_visual_bw.png,included_existing_specific
2378,True,physics_engineering_science,sdof,q_02378_visual_bw.png,included_existing_specific
2379,True,physics_engineering_science,sdof,q_02379_visual_bw.png,included_existing_specific
2380,True,physics_engineering_science,sdof,q_02380_visual_bw.png,included_existing_specific
2381,True,physics_engineering_science,sdof,q_02381_visual_bw.png,included_existing_specific
2382,True,physics_engineering_science,sdof,q_02382_visual_bw.png,included_existing_specific
2383,True,physics_engineering_science,sdof,q_02383_visual_bw.png,included_existing_specific
2384,True,physics_engineering_science,sdof,q_02384_visual_bw.png,included_existing_specific
2385,True,physics_engineering_science,sdof,q_02385_visual_bw.png,included_existing_specific
2386,True,physics_engineering_science,sdof,q_02386_visual_bw.png,included_existing_specific
2387,True,physics_engineering_science,sdof,q_02387_visual_bw.png,included_existing_specific
2388,True,physics_engineering_science,sdof,q_02388_visual_bw.png,included_existing_specific
2389,True,physics_engineering_science,sdof,q_02389_visual_bw.png,included_existing_specific
2390,True,physics_engineering_science,sdof,q_02390_visual_bw.png,included_existing_specific
2391,True,physics_engineering_science,sdof,q_02391_visual_bw.png,included_existing_specific
2392,True,physics_engineering_science,sdof,q_02392_visual_bw.png,included_existing_specific
2393,True,physics_engineering_science,sdof,q_02393_visual_bw.png,included_existing_specific
2394,True,physics_engineering_science,sdof,q_02394_visual_bw.png,included_existing_specific
2395,True,physics_engineering_science,sdof,q_02395_visual_bw.png,included_existing_specific
2396,True,physics_engineering_science,sdof,q_02396_visual_bw.png,included_existing_specific
2397,True,physics_engineering_science,sdof,q_02397_visual_bw.png,included_existing_specific
2398,True,physics_engineering_science,sdof,q_02398_visual_bw.png,included_existing_specific
2399,True,physics_engineering_science,sdof,q_02399_visual_bw.png,included_existing_specific
2400,True,physics_engineering_science,sdof,q_02400_visual_bw.png,included_existing_specific
2441,True,physics_engineering_science,sdof,q_02441_visual_bw.png,included_existing_specific
2442,True,physics_engineering_science,sdof,q_02442_visual_bw.png,included_existing_specific
2443,True,physics_engineering_science,sdof,q_02443_visual_bw.png,included_existing_specific
2444,True,physics_engineering_science,sdof,q_02444_visual_bw.png,included_existing_specific
2445,True,physics_engineering_science,sdof,q_02445_visual_bw.png,included_existing_specific
2446,True,physics_engineering_science,sdof,q_02446_visual_bw.png,included_existing_specific
2447,True,physics_engineering_science,sdof,q_02447_visual_bw.png,included_existing_specific
2448,True,physics_engineering_science,sdof,q_02448_visual_bw.png,included_existing_specific
2449,True,physics_engineering_science,sdof,q_02449_visual_bw.png,included_existing_specific
2450,True,physics_engineering_science,sdof,q_02450_visual_bw.png,included_existing_specific
2451,True,physics_engineering_science,sdof,q_02451_visual_bw.png,included_existing_specific
2452,True,physics_engineering_science,sdof,q_02452_visual_bw.png,included_existing_specific
2453,True,physics_engineering_science,sdof,q_02453_visual_bw.png,included_existing_specific
2454,True,physics_engineering_science,sdof,q_02454_visual_bw.png,included_existing_specific
2455,True,physics_engineering_science,sdof,q_02455_visual_bw.png,included_existing_specific
2456,True,physics_engineering_science,sdof,q_02456_visual_bw.png,included_existing_specific
2457,True,physics_engineering_science,sdof,q_02457_visual_bw.png,included_existing_specific
2458,True,physics_engineering_science,sdof,q_02458_visual_bw.png,included_existing_specific
2459,True,physics_engineering_science,sdof,q_02459_visual_bw.png,included_existing_specific
2460,True,physics_engineering_science,sdof,q_02460_visual_bw.png,included_existing_specific
2461,True,physics_engineering_science,sdof,q_02461_visual_bw.png,included_existing_specific
2462,True,physics_engineering_science,sdof,q_02462_visual_bw.png,included_existing_specific
2463,True,physics_engineering_science,sdof,q_02463_visual_bw.png,included_existing_specific
2464,True,physics_engineering_science,sdof,q_02464_visual_bw.png,included_existing_specific
2753,True,code_questions_approved,code_block_bw,q_02753_code_bw.png,included_approved_code
2754,True,code_questions_approved,code_block_bw,q_02754_code_bw.png,included_approved_code
2755,True,code_questions_approved,code_block_bw,q_02755_code_bw.png,included_approved_code
2756,True,code_questions_approved,code_block_bw,q_02756_code_bw.png,included_approved_code
2757,True,code_questions_approved,code_block_bw,q_02757_code_bw.png,included_approved_code
2758,True,code_questions_approved,code_block_bw,q_02758_code_bw.png,included_approved_code
2759,True,code_questions_approved,code_block_bw,q_02759_code_bw.png,included_approved_code
2760,True,code_questions_approved,code_block_bw,q_02760_code_bw.png,included_approved_code
2761,True,code_questions_approved,code_block_bw,q_02761_code_bw.png,included_approved_code
2762,True,code_questions_approved,code_block_bw,q_02762_code_bw.png,included_approved_code
2763,True,code_questions_approved,code_block_bw,q_02763_code_bw.png,included_approved_code
2764,True,code_questions_approved,code_block_bw,q_02764_code_bw.png,included_approved_code
2765,True,code_questions_approved,code_block_bw,q_02765_code_bw.png,included_approved_code
2766,True,code_questions_approved,code_block_bw,q_02766_code_bw.png,included_approved_code
2767,True,code_questions_approved,code_block_bw,q_02767_code_bw.png,included_approved_code
2768,True,code_questions_approved,code_block_bw,q_02768_code_bw.png,included_approved_code
2769,True,code_questions_approved,code_block_bw,q_02769_code_bw.png,included_approved_code
2770,True,code_questions_approved,code_block_bw,q_02770_code_bw.png,included_approved_code
2771,True,code_questions_approved,code_block_bw,q_02771_code_bw.png,included_approved_code
2772,True,code_questions_approved,code_block_bw,q_02772_code_bw.png,included_approved_code
2773,True,code_questions_approved,code_block_bw,q_02773_code_bw.png,included_approved_code
2774,True,code_questions_approved,code_block_bw,q_02774_code_bw.png,included_approved_code
2775,True,code_questions_approved,code_block_bw,q_02775_code_bw.png,included_approved_code
2776,True,code_questions_approved,code_block_bw,q_02776_code_bw.png,included_approved_code
2777,True,code_questions_approved,code_block_bw,q_02777_code_bw.png,included_approved_code
2778,True,code_questions_approved,code_block_bw,q_02778_code_bw.png,included_approved_code
2779,True,code_questions_approved,code_block_bw,q_02779_code_bw.png,included_approved_code
2780,True,code_questions_approved,code_block_bw,q_02780_code_bw.png,included_approved_code
2781,True,code_questions_approved,code_block_bw,q_02781_code_bw.png,included_approved_code
2782,True,code_questions_approved,code_block_bw,q_02782_code_bw.png,included_approved_code
2783,True,code_questions_approved,code_block_bw,q_02783_code_bw.png,included_approved_code
2784,True,code_questions_approved,code_block_bw,q_02784_code_bw.png,included_approved_code
2785,True,electrical_electronics,boolean_expression,q_02785_visual_bw.png,included_existing_specific
2788,True,electrical_electronics,sequential_state,q_02788_visual_bw.png,included_existing_specific
2789,True,electrical_electronics,boolean_expression,q_02789_visual_bw.png,included_existing_specific
2792,True,electrical_electronics,sequential_state,q_02792_visual_bw.png,included_existing_specific
2793,True,electrical_electronics,boolean_expression,q_02793_visual_bw.png,included_existing_specific
2794,True,electrical_electronics,boolean_expression,q_02794_visual_bw.png,included_existing_specific
2795,True,electrical_electronics,mux_selection,q_02795_visual_bw.png,included_existing_specific
2796,True,electrical_electronics,sequential_state,q_02796_visual_bw.png,included_existing_specific
2797,True,electrical_electronics,boolean_expression,q_02797_visual_bw.png,included_existing_specific
2800,True,electrical_electronics,sequential_state,q_02800_visual_bw.png,included_existing_specific
2801,True,electrical_electronics,boolean_expression,q_02801_visual_bw.png,included_existing_specific
2804,True,electrical_electronics,sequential_state,q_02804_visual_bw.png,included_existing_specific
2805,True,electrical_electronics,boolean_expression,q_02805_visual_bw.png,included_existing_specific
2808,True,electrical_electronics,sequential_state,q_02808_visual_bw.png,included_existing_specific
2809,True,electrical_electronics,boolean_expression,q_02809_visual_bw.png,included_existing_specific
2812,True,electrical_electronics,sequential_state,q_02812_visual_bw.png,included_existing_specific
2813,True,electrical_electronics,boolean_expression,q_02813_visual_bw.png,included_existing_specific
2816,True,electrical_electronics,sequential_state,q_02816_visual_bw.png,included_existing_specific
2917,True,physics_engineering_science,projectile_range,q_02917_visual_bw.png,included_existing_specific
2918,True,physics_engineering_science,projectile_range,q_02918_visual_bw.png,included_existing_specific
2919,True,physics_engineering_science,projectile_range,q_02919_visual_bw.png,included_existing_specific
2920,True,physics_engineering_science,projectile_range,q_02920_visual_bw.png,included_existing_specific
2977,True,electrical_electronics,voltage_divider,q_02977_visual_bw.png,included_existing_specific
2978,True,electrical_electronics,voltage_divider,q_02978_visual_bw.png,included_existing_specific
2979,True,electrical_electronics,nodal_kcl,q_02979_visual_bw.png,included_existing_specific
2980,True,electrical_electronics,rc_charging,q_02980_visual_bw.png,included_existing_specific
2981,True,electrical_electronics,voltage_divider,q_02981_visual_bw.png,included_existing_specific
2982,True,electrical_electronics,voltage_divider,q_02982_visual_bw.png,included_existing_specific
2983,True,electrical_electronics,nodal_kcl,q_02983_visual_bw.png,included_existing_specific
2984,True,electrical_electronics,rc_charging,q_02984_visual_bw.png,included_existing_specific
2985,True,electrical_electronics,voltage_divider,q_02985_visual_bw.png,included_existing_specific
2986,True,electrical_electronics,voltage_divider,q_02986_visual_bw.png,included_existing_specific
2987,True,electrical_electronics,nodal_kcl,q_02987_visual_bw.png,included_existing_specific
2988,True,electrical_electronics,rc_charging,q_02988_visual_bw.png,included_existing_specific
2989,True,electrical_electronics,voltage_divider,q_02989_visual_bw.png,included_existing_specific
2990,True,electrical_electronics,voltage_divider,q_02990_visual_bw.png,included_existing_specific
2991,True,electrical_electronics,nodal_kcl,q_02991_visual_bw.png,included_existing_specific
2992,True,electrical_electronics,rc_charging,q_02992_visual_bw.png,included_existing_specific
2993,True,electrical_electronics,voltage_divider,q_02993_visual_bw.png,included_existing_specific
2994,True,electrical_electronics,voltage_divider,q_02994_visual_bw.png,included_existing_specific
2995,True,electrical_electronics,nodal_kcl,q_02995_visual_bw.png,included_existing_specific
2996,True,electrical_electronics,rc_charging,q_02996_visual_bw.png,included_existing_specific
2997,True,electrical_electronics,voltage_divider,q_02997_visual_bw.png,included_existing_specific
2998,True,electrical_electronics,voltage_divider,q_02998_visual_bw.png,included_existing_specific
2999,True,electrical_electronics,nodal_kcl,q_02999_visual_bw.png,included_existing_specific
3000,True,electrical_electronics,rc_charging,q_03000_visual_bw.png,included_existing_specific
3003,True,electrical_electronics,nodal_kcl,q_03003_visual_bw.png,included_existing_specific
3007,True,electrical_electronics,nodal_kcl,q_03007_visual_bw.png,included_existing_specific
3073,True,code_questions_approved,code_block_bw,q_03073_code_bw.png,included_approved_code
3074,True,code_questions_approved,code_block_bw,q_03074_code_bw.png,included_approved_code
3075,True,code_questions_approved,code_block_bw,q_03075_code_bw.png,included_approved_code
3076,True,code_questions_approved,code_block_bw,q_03076_code_bw.png,included_approved_code
3077,True,code_questions_approved,code_block_bw,q_03077_code_bw.png,included_approved_code
3078,True,code_questions_approved,code_block_bw,q_03078_code_bw.png,included_approved_code
3079,True,code_questions_approved,code_block_bw,q_03079_code_bw.png,included_approved_code
3080,True,code_questions_approved,code_block_bw,q_03080_code_bw.png,included_approved_code
3081,True,code_questions_approved,code_block_bw,q_03081_code_bw.png,included_approved_code
3082,True,code_questions_approved,code_block_bw,q_03082_code_bw.png,included_approved_code
3083,True,code_questions_approved,code_block_bw,q_03083_code_bw.png,included_approved_code
3084,True,code_questions_approved,code_block_bw,q_03084_code_bw.png,included_approved_code
3085,True,code_questions_approved,code_block_bw,q_03085_code_bw.png,included_approved_code
3086,True,code_questions_approved,code_block_bw,q_03086_code_bw.png,included_approved_code
3087,True,code_questions_approved,code_block_bw,q_03087_code_bw.png,included_approved_code
3088,True,code_questions_approved,code_block_bw,q_03088_code_bw.png,included_approved_code
3089,True,code_questions_approved,code_block_bw,q_03089_code_bw.png,included_approved_code
3090,True,code_questions_approved,code_block_bw,q_03090_code_bw.png,included_approved_code
3091,True,code_questions_approved,code_block_bw,q_03091_code_bw.png,included_approved_code
3092,True,code_questions_approved,code_block_bw,q_03092_code_bw.png,included_approved_code
3093,True,code_questions_approved,code_block_bw,q_03093_code_bw.png,included_approved_code
3094,True,code_questions_approved,code_block_bw,q_03094_code_bw.png,included_approved_code
3095,True,code_questions_approved,code_block_bw,q_03095_code_bw.png,included_approved_code
3096,True,code_questions_approved,code_block_bw,q_03096_code_bw.png,included_approved_code
3097,True,code_questions_approved,code_block_bw,q_03097_code_bw.png,included_approved_code
3098,True,code_questions_approved,code_block_bw,q_03098_code_bw.png,included_approved_code
3099,True,code_questions_approved,code_block_bw,q_03099_code_bw.png,included_approved_code
3100,True,code_questions_approved,code_block_bw,q_03100_code_bw.png,included_approved_code
3101,True,code_questions_approved,code_block_bw,q_03101_code_bw.png,included_approved_code
3102,True,code_questions_approved,code_block_bw,q_03102_code_bw.png,included_approved_code
3103,True,code_questions_approved,code_block_bw,q_03103_code_bw.png,included_approved_code
3104,True,code_questions_approved,code_block_bw,q_03104_code_bw.png,included_approved_code
3169,True,electrical_electronics,voltage_divider,q_03169_visual_bw.png,included_existing_specific
3170,True,electrical_electronics,voltage_divider,q_03170_visual_bw.png,included_existing_specific
3171,True,electrical_electronics,nodal_kcl,q_03171_visual_bw.png,included_existing_specific
3172,True,electrical_electronics,rc_charging,q_03172_visual_bw.png,included_existing_specific
3173,True,electrical_electronics,voltage_divider,q_03173_visual_bw.png,included_existing_specific
3174,True,electrical_electronics,voltage_divider,q_03174_visual_bw.png,included_existing_specific
3175,True,electrical_electronics,nodal_kcl,q_03175_visual_bw.png,included_existing_specific
3176,True,electrical_electronics,rc_charging,q_03176_visual_bw.png,included_existing_specific
3177,True,electrical_electronics,voltage_divider,q_03177_visual_bw.png,included_existing_specific
3178,True,electrical_electronics,voltage_divider,q_03178_visual_bw.png,included_existing_specific
3179,True,electrical_electronics,nodal_kcl,q_03179_visual_bw.png,included_existing_specific
3180,True,electrical_electronics,rc_charging,q_03180_visual_bw.png,included_existing_specific
3181,True,electrical_electronics,voltage_divider,q_03181_visual_bw.png,included_existing_specific
3182,True,electrical_electronics,voltage_divider,q_03182_visual_bw.png,included_existing_specific
3183,True,electrical_electronics,nodal_kcl,q_03183_visual_bw.png,included_existing_specific
3184,True,electrical_electronics,rc_charging,q_03184_visual_bw.png,included_existing_specific
3185,True,electrical_electronics,voltage_divider,q_03185_visual_bw.png,included_existing_specific
3186,True,electrical_electronics,voltage_divider,q_03186_visual_bw.png,included_existing_specific
3187,True,electrical_electronics,nodal_kcl,q_03187_visual_bw.png,included_existing_specific
3188,True,electrical_electronics,rc_charging,q_03188_visual_bw.png,included_existing_specific
3189,True,electrical_electronics,voltage_divider,q_03189_visual_bw.png,included_existing_specific
3190,True,electrical_electronics,voltage_divider,q_03190_visual_bw.png,included_existing_specific
3191,True,electrical_electronics,nodal_kcl,q_03191_visual_bw.png,included_existing_specific
3192,True,electrical_electronics,rc_charging,q_03192_visual_bw.png,included_existing_specific
3193,True,electrical_electronics,voltage_divider,q_03193_visual_bw.png,included_existing_specific
3194,True,electrical_electronics,voltage_divider,q_03194_visual_bw.png,included_existing_specific
3195,True,electrical_electronics,nodal_kcl,q_03195_visual_bw.png,included_existing_specific
3196,True,electrical_electronics,rc_charging,q_03196_visual_bw.png,included_existing_specific
3197,True,electrical_electronics,voltage_divider,q_03197_visual_bw.png,included_existing_specific
3198,True,electrical_electronics,voltage_divider,q_03198_visual_bw.png,included_existing_specific
3199,True,electrical_electronics,nodal_kcl,q_03199_visual_bw.png,included_existing_specific
3200,True,electrical_electronics,rc_charging,q_03200_visual_bw.png,included_existing_specific
3242,True,electrical_electronics,semiconductor_doping,q_03242_visual_bw.png,included_existing_specific
3243,True,electrical_electronics,diode_current,q_03243_visual_bw.png,included_existing_specific
3246,True,electrical_electronics,semiconductor_doping,q_03246_visual_bw.png,included_existing_specific
3250,True,electrical_electronics,semiconductor_doping,q_03250_visual_bw.png,included_existing_specific
3329,True,electrical_electronics,voltage_divider,q_03329_visual_bw.png,included_existing_specific
3330,True,electrical_electronics,voltage_divider,q_03330_visual_bw.png,included_existing_specific
3331,True,electrical_electronics,nodal_kcl,q_03331_visual_bw.png,included_existing_specific
3332,True,electrical_electronics,rc_charging,q_03332_visual_bw.png,included_existing_specific
3333,True,electrical_electronics,voltage_divider,q_03333_visual_bw.png,included_existing_specific
3334,True,electrical_electronics,voltage_divider,q_03334_visual_bw.png,included_existing_specific
3335,True,electrical_electronics,nodal_kcl,q_03335_visual_bw.png,included_existing_specific
3336,True,electrical_electronics,rc_charging,q_03336_visual_bw.png,included_existing_specific
3337,True,electrical_electronics,voltage_divider,q_03337_visual_bw.png,included_existing_specific
3338,True,electrical_electronics,voltage_divider,q_03338_visual_bw.png,included_existing_specific
3339,True,electrical_electronics,nodal_kcl,q_03339_visual_bw.png,included_existing_specific
3340,True,electrical_electronics,rc_charging,q_03340_visual_bw.png,included_existing_specific
3341,True,electrical_electronics,voltage_divider,q_03341_visual_bw.png,included_existing_specific
3342,True,electrical_electronics,voltage_divider,q_03342_visual_bw.png,included_existing_specific
3343,True,electrical_electronics,nodal_kcl,q_03343_visual_bw.png,included_existing_specific
3344,True,electrical_electronics,rc_charging,q_03344_visual_bw.png,included_existing_specific
3345,True,electrical_electronics,voltage_divider,q_03345_visual_bw.png,included_existing_specific
3346,True,electrical_electronics,voltage_divider,q_03346_visual_bw.png,included_existing_specific
3347,True,electrical_electronics,nodal_kcl,q_03347_visual_bw.png,included_existing_specific
3348,True,electrical_electronics,rc_charging,q_03348_visual_bw.png,included_existing_specific
3349,True,electrical_electronics,voltage_divider,q_03349_visual_bw.png,included_existing_specific
3350,True,electrical_electronics,voltage_divider,q_03350_visual_bw.png,included_existing_specific
3351,True,electrical_electronics,nodal_kcl,q_03351_visual_bw.png,included_existing_specific
3352,True,electrical_electronics,rc_charging,q_03352_visual_bw.png,included_existing_specific
3353,True,electrical_electronics,voltage_divider,q_03353_visual_bw.png,included_existing_specific
3354,True,electrical_electronics,voltage_divider,q_03354_visual_bw.png,included_existing_specific
3355,True,electrical_electronics,nodal_kcl,q_03355_visual_bw.png,included_existing_specific
3356,True,electrical_electronics,rc_charging,q_03356_visual_bw.png,included_existing_specific
3357,True,electrical_electronics,voltage_divider,q_03357_visual_bw.png,included_existing_specific
3358,True,electrical_electronics,voltage_divider,q_03358_visual_bw.png,included_existing_specific
3359,True,electrical_electronics,nodal_kcl,q_03359_visual_bw.png,included_existing_specific
3360,True,electrical_electronics,rc_charging,q_03360_visual_bw.png,included_existing_specific
3585,True,electrical_electronics,inverting_opamp,q_03585_visual_bw.png,included_existing_specific
3586,True,electrical_electronics,inverting_opamp,q_03586_visual_bw.png,included_existing_specific
3589,True,electrical_electronics,inverting_opamp,q_03589_visual_bw.png,included_existing_specific
3590,True,electrical_electronics,inverting_opamp,q_03590_visual_bw.png,included_existing_specific
3593,True,electrical_electronics,inverting_opamp,q_03593_visual_bw.png,included_existing_specific
3594,True,electrical_electronics,inverting_opamp,q_03594_visual_bw.png,included_existing_specific
3597,True,electrical_electronics,inverting_opamp,q_03597_visual_bw.png,included_existing_specific
3598,True,electrical_electronics,inverting_opamp,q_03598_visual_bw.png,included_existing_specific
3601,True,electrical_electronics,inverting_opamp,q_03601_visual_bw.png,included_existing_specific
3602,True,electrical_electronics,inverting_opamp,q_03602_visual_bw.png,included_existing_specific
3605,True,electrical_electronics,inverting_opamp,q_03605_visual_bw.png,included_existing_specific
3606,True,electrical_electronics,inverting_opamp,q_03606_visual_bw.png,included_existing_specific
3609,True,electrical_electronics,inverting_opamp,q_03609_visual_bw.png,included_existing_specific
3610,True,electrical_electronics,inverting_opamp,q_03610_visual_bw.png,included_existing_specific
3613,True,electrical_electronics,inverting_opamp,q_03613_visual_bw.png,included_existing_specific
3614,True,electrical_electronics,inverting_opamp,q_03614_visual_bw.png,included_existing_specific
3651,True,physics_engineering_science,motor_power,q_03651_visual_bw.png,included_existing_specific
3655,True,physics_engineering_science,motor_power,q_03655_visual_bw.png,included_existing_specific
3659,True,physics_engineering_science,motor_power,q_03659_visual_bw.png,included_existing_specific
3663,True,physics_engineering_science,motor_power,q_03663_visual_bw.png,included_existing_specific
3667,True,physics_engineering_science,motor_power,q_03667_visual_bw.png,included_existing_specific
3671,True,physics_engineering_science,motor_power,q_03671_visual_bw.png,included_existing_specific
3675,True,physics_engineering_science,motor_power,q_03675_visual_bw.png,included_existing_specific
3679,True,physics_engineering_science,motor_power,q_03679_visual_bw.png,included_existing_specific
3685,True,electrical_electronics,three_phase,q_03685_visual_bw.png,included_existing_specific
3686,True,electrical_electronics,three_phase,q_03686_visual_bw.png,included_existing_specific
3781,True,electrical_electronics,three_phase,q_03781_visual_bw.png,included_existing_specific
3782,True,electrical_electronics,three_phase,q_03782_visual_bw.png,included_existing_specific
3811,True,electrical_electronics,three_phase,q_03811_visual_bw.png,included_existing_specific
3815,True,electrical_electronics,three_phase,q_03815_visual_bw.png,included_existing_specific
3819,True,electrical_electronics,three_phase,q_03819_visual_bw.png,included_existing_specific
3822,True,electrical_electronics,three_phase,q_03822_visual_bw.png,included_existing_specific
3823,True,electrical_electronics,three_phase,q_03823_visual_bw.png,included_existing_specific
3827,True,electrical_electronics,three_phase,q_03827_visual_bw.png,included_existing_specific
3831,True,electrical_electronics,three_phase,q_03831_visual_bw.png,included_existing_specific
3835,True,electrical_electronics,three_phase,q_03835_visual_bw.png,included_existing_specific
3839,True,electrical_electronics,three_phase,q_03839_visual_bw.png,included_existing_specific
3969,True,code_questions_approved,code_block_bw,q_03969_code_bw.png,included_approved_code
3970,True,code_questions_approved,code_block_bw,q_03970_code_bw.png,included_approved_code
3971,True,code_questions_approved,code_block_bw,q_03971_code_bw.png,included_approved_code
3972,True,code_questions_approved,code_block_bw,q_03972_code_bw.png,included_approved_code
3973,True,code_questions_approved,code_block_bw,q_03973_code_bw.png,included_approved_code
3974,True,code_questions_approved,code_block_bw,q_03974_code_bw.png,included_approved_code
3975,True,code_questions_approved,code_block_bw,q_03975_code_bw.png,included_approved_code
3976,True,code_questions_approved,code_block_bw,q_03976_code_bw.png,included_approved_code
3977,True,code_questions_approved,code_block_bw,q_03977_code_bw.png,included_approved_code
3978,True,code_questions_approved,code_block_bw,q_03978_code_bw.png,included_approved_code
3979,True,code_questions_approved,code_block_bw,q_03979_code_bw.png,included_approved_code
3980,True,code_questions_approved,code_block_bw,q_03980_code_bw.png,included_approved_code
3981,True,code_questions_approved,code_block_bw,q_03981_code_bw.png,included_approved_code
3982,True,code_questions_approved,code_block_bw,q_03982_code_bw.png,included_approved_code
3983,True,code_questions_approved,code_block_bw,q_03983_code_bw.png,included_approved_code
3984,True,code_questions_approved,code_block_bw,q_03984_code_bw.png,included_approved_code
3985,True,code_questions_approved,code_block_bw,q_03985_code_bw.png,included_approved_code
3986,True,code_questions_approved,code_block_bw,q_03986_code_bw.png,included_approved_code
3987,True,code_questions_approved,code_block_bw,q_03987_code_bw.png,included_approved_code
3988,True,code_questions_approved,code_block_bw,q_03988_code_bw.png,included_approved_code
3989,True,code_questions_approved,code_block_bw,q_03989_code_bw.png,included_approved_code
3990,True,code_questions_approved,code_block_bw,q_03990_code_bw.png,included_approved_code
3991,True,code_questions_approved,code_block_bw,q_03991_code_bw.png,included_approved_code
3992,True,code_questions_approved,code_block_bw,q_03992_code_bw.png,included_approved_code
3993,True,code_questions_approved,code_block_bw,q_03993_code_bw.png,included_approved_code
3994,True,code_questions_approved,code_block_bw,q_03994_code_bw.png,included_approved_code
3995,True,code_questions_approved,code_block_bw,q_03995_code_bw.png,included_approved_code
3996,True,code_questions_approved,code_block_bw,q_03996_code_bw.png,included_approved_code
3997,True,code_questions_approved,code_block_bw,q_03997_code_bw.png,included_approved_code
3998,True,code_questions_approved,code_block_bw,q_03998_code_bw.png,included_approved_code
3999,True,code_questions_approved,code_block_bw,q_03999_code_bw.png,included_approved_code
4000,True,code_questions_approved,code_block_bw,q_04000_code_bw.png,included_approved_code
4929,True,linear_algebra,matrix_vector,q_04929_visual_bw.png,included_existing_specific
4930,True,linear_algebra,matrix_vector,q_04930_visual_bw.png,included_existing_specific
4931,True,linear_algebra,matrix_vector,q_04931_visual_bw.png,included_existing_specific
4932,True,linear_algebra,matrix_vector,q_04932_visual_bw.png,included_existing_specific
5033,True,physics_engineering_science,mass_difference,q_05033_visual_bw.png,included_existing_specific
5034,True,physics_engineering_science,mass_difference,q_05034_visual_bw.png,included_existing_specific
5035,True,physics_engineering_science,mass_difference,q_05035_visual_bw.png,included_existing_specific
5036,True,physics_engineering_science,mass_difference,q_05036_visual_bw.png,included_existing_specific
5105,True,physics_engineering_science,projectile_range,q_05105_visual_bw.png,included_existing_specific
5106,True,physics_engineering_science,projectile_range,q_05106_visual_bw.png,included_existing_specific
5107,True,physics_engineering_science,projectile_range,q_05107_visual_bw.png,included_existing_specific
5108,True,physics_engineering_science,projectile_range,q_05108_visual_bw.png,included_existing_specific
5117,True,physics_engineering_science,spring_energy,q_05117_visual_bw.png,included_existing_specific
5118,True,physics_engineering_science,spring_energy,q_05118_visual_bw.png,included_existing_specific
5119,True,physics_engineering_science,spring_energy,q_05119_visual_bw.png,included_existing_specific
5120,True,physics_engineering_science,spring_energy,q_05120_visual_bw.png,included_existing_specific
5193,True,physics_engineering_science,mass_difference,q_05193_visual_bw.png,included_existing_specific
5194,True,physics_engineering_science,mass_difference,q_05194_visual_bw.png,included_existing_specific
5195,True,physics_engineering_science,mass_difference,q_05195_visual_bw.png,included_existing_specific
5196,True,physics_engineering_science,mass_difference,q_05196_visual_bw.png,included_existing_specific
6330,True,linear_algebra,velocity_integral,q_06330_visual_bw.png,included_existing_specific
6331,True,linear_algebra,velocity_integral,q_06331_visual_bw.png,included_existing_specific
6332,True,linear_algebra,velocity_integral,q_06332_visual_bw.png,included_existing_specific
6334,True,linear_algebra,velocity_integral,q_06334_visual_bw.png,included_existing_specific
6336,True,linear_algebra,velocity_integral,q_06336_visual_bw.png,included_existing_specific
6553,True,physics_engineering_science,projectile_range,q_06553_visual_bw.png,included_existing_specific
6554,True,physics_engineering_science,projectile_range,q_06554_visual_bw.png,included_existing_specific
6555,True,physics_engineering_science,projectile_range,q_06555_visual_bw.png,included_existing_specific
6556,True,physics_engineering_science,projectile_range,q_06556_visual_bw.png,included_existing_specific
6557,True,physics_engineering_science,projectile_range,q_06557_visual_bw.png,included_existing_specific
6558,True,physics_engineering_science,projectile_range,q_06558_visual_bw.png,included_existing_specific
6559,True,physics_engineering_science,projectile_range,q_06559_visual_bw.png,included_existing_specific
6560,True,physics_engineering_science,projectile_range,q_06560_visual_bw.png,included_existing_specific
6561,True,physics_engineering_science,beam_reaction,q_06561_visual_bw.png,included_existing_specific
6575,True,physics_engineering_science,beam_reaction,q_06575_visual_bw.png,included_existing_specific
6587,True,physics_engineering_science,beam_reaction,q_06587_visual_bw.png,included_existing_specific
6601,True,code_questions_approved,code_block_bw,q_06601_code_bw.png,included_approved_code
6602,True,code_questions_approved,code_block_bw,q_06602_code_bw.png,included_approved_code
6603,True,code_questions_approved,code_block_bw,q_06603_code_bw.png,included_approved_code
6604,True,code_questions_approved,code_block_bw,q_06604_code_bw.png,included_approved_code
6605,True,code_questions_approved,code_block_bw,q_06605_code_bw.png,included_approved_code
6606,True,code_questions_approved,code_block_bw,q_06606_code_bw.png,included_approved_code
6607,True,code_questions_approved,code_block_bw,q_06607_code_bw.png,included_approved_code
6608,True,code_questions_approved,code_block_bw,q_06608_code_bw.png,included_approved_code
6609,True,code_questions_approved,code_block_bw,q_06609_code_bw.png,included_approved_code
6610,True,code_questions_approved,code_block_bw,q_06610_code_bw.png,included_approved_code
6611,True,code_questions_approved,code_block_bw,q_06611_code_bw.png,included_approved_code
6612,True,code_questions_approved,code_block_bw,q_06612_code_bw.png,included_approved_code
6613,True,code_questions_approved,code_block_bw,q_06613_code_bw.png,included_approved_code
6614,True,code_questions_approved,code_block_bw,q_06614_code_bw.png,included_approved_code
6615,True,code_questions_approved,code_block_bw,q_06615_code_bw.png,included_approved_code
6616,True,code_questions_approved,code_block_bw,q_06616_code_bw.png,included_approved_code
6617,True,code_questions_approved,code_block_bw,q_06617_code_bw.png,included_approved_code
6618,True,code_questions_approved,code_block_bw,q_06618_code_bw.png,included_approved_code
6619,True,code_questions_approved,code_block_bw,q_06619_code_bw.png,included_approved_code
6620,True,code_questions_approved,code_block_bw,q_06620_code_bw.png,included_approved_code
6621,True,code_questions_approved,code_block_bw,q_06621_code_bw.png,included_approved_code
6622,True,code_questions_approved,code_block_bw,q_06622_code_bw.png,included_approved_code
6623,True,code_questions_approved,code_block_bw,q_06623_code_bw.png,included_approved_code
6624,True,code_questions_approved,code_block_bw,q_06624_code_bw.png,included_approved_code
6629,True,physics_engineering_science,beam_reaction,q_06629_visual_bw.png,included_existing_specific
6633,True,physics_engineering_science,beam_reaction,q_06633_visual_bw.png,included_existing_specific
6637,True,physics_engineering_science,beam_reaction,q_06637_visual_bw.png,included_existing_specific
6638,True,physics_engineering_science,beam_reaction,q_06638_visual_bw.png,included_existing_specific
6641,True,physics_engineering_science,beam_reaction,q_06641_visual_bw.png,included_existing_specific
6645,True,physics_engineering_science,beam_reaction,q_06645_visual_bw.png,included_existing_specific
6646,True,physics_engineering_science,beam_reaction,q_06646_visual_bw.png,included_existing_specific
6649,True,physics_engineering_science,beam_reaction,q_06649_visual_bw.png,included_existing_specific
6653,True,physics_engineering_science,beam_reaction,q_06653_visual_bw.png,included_existing_specific
6654,True,physics_engineering_science,beam_reaction,q_06654_visual_bw.png,included_existing_specific
6690,True,physics_engineering_science,projectile_range,q_06690_visual_bw.png,included_existing_specific
6698,True,physics_engineering_science,projectile_range,q_06698_visual_bw.png,included_existing_specific
6706,True,physics_engineering_science,projectile_range,q_06706_visual_bw.png,included_existing_specific
6713,True,physics_engineering_science,projectile_range,q_06713_visual_bw.png,included_existing_specific
6714,True,physics_engineering_science,projectile_range,q_06714_visual_bw.png,included_existing_specific
6715,True,physics_engineering_science,projectile_range,q_06715_visual_bw.png,included_existing_specific
6716,True,physics_engineering_science,projectile_range,q_06716_visual_bw.png,included_existing_specific
6717,True,physics_engineering_science,projectile_range,q_06717_visual_bw.png,included_existing_specific
6718,True,physics_engineering_science,projectile_range,q_06718_visual_bw.png,included_existing_specific
6719,True,physics_engineering_science,projectile_range,q_06719_visual_bw.png,included_existing_specific
6720,True,physics_engineering_science,projectile_range,q_06720_visual_bw.png,included_existing_specific
6809,True,physics_engineering_science,projectile_range,q_06809_visual_bw.png,included_existing_specific
6810,True,physics_engineering_science,projectile_range,q_06810_visual_bw.png,included_existing_specific
6811,True,physics_engineering_science,projectile_range,q_06811_visual_bw.png,included_existing_specific
6812,True,physics_engineering_science,projectile_range,q_06812_visual_bw.png,included_existing_specific
6813,True,physics_engineering_science,projectile_range,q_06813_visual_bw.png,included_existing_specific
6814,True,physics_engineering_science,projectile_range,q_06814_visual_bw.png,included_existing_specific
6815,True,physics_engineering_science,projectile_range,q_06815_visual_bw.png,included_existing_specific
6816,True,physics_engineering_science,projectile_range,q_06816_visual_bw.png,included_existing_specific
6821,True,physics_engineering_science,beam_reaction,q_06821_visual_bw.png,included_existing_specific
6825,True,physics_engineering_science,beam_reaction,q_06825_visual_bw.png,included_existing_specific
6828,True,physics_engineering_science,beam_reaction,q_06828_visual_bw.png,included_existing_specific
6831,True,physics_engineering_science,beam_reaction,q_06831_visual_bw.png,included_existing_specific
6832,True,physics_engineering_science,beam_reaction,q_06832_visual_bw.png,included_existing_specific
6833,True,physics_engineering_science,beam_reaction,q_06833_visual_bw.png,included_existing_specific
6836,True,physics_engineering_science,beam_reaction,q_06836_visual_bw.png,included_existing_specific
6839,True,physics_engineering_science,beam_reaction,q_06839_visual_bw.png,included_existing_specific
6840,True,physics_engineering_science,beam_reaction,q_06840_visual_bw.png,included_existing_specific
6841,True,physics_engineering_science,beam_reaction,q_06841_visual_bw.png,included_existing_specific
6844,True,physics_engineering_science,beam_reaction,q_06844_visual_bw.png,included_existing_specific
6847,True,physics_engineering_science,beam_reaction,q_06847_visual_bw.png,included_existing_specific
6848,True,physics_engineering_science,beam_reaction,q_06848_visual_bw.png,included_existing_specific
6857,True,physics_engineering_science,robot_arm,q_06857_visual_bw.png,included_existing_specific
6858,True,physics_engineering_science,robot_arm,q_06858_visual_bw.png,included_existing_specific
6859,True,physics_engineering_science,robot_arm,q_06859_visual_bw.png,included_existing_specific
6860,True,physics_engineering_science,robot_arm,q_06860_visual_bw.png,included_existing_specific
6861,True,physics_engineering_science,robot_arm,q_06861_visual_bw.png,included_existing_specific
6862,True,physics_engineering_science,robot_arm,q_06862_visual_bw.png,included_existing_specific
6863,True,physics_engineering_science,robot_arm,q_06863_visual_bw.png,included_existing_specific
6864,True,physics_engineering_science,robot_arm,q_06864_visual_bw.png,included_existing_specific
6865,True,physics_engineering_science,robot_arm,q_06865_visual_bw.png,included_existing_specific
6866,True,physics_engineering_science,robot_arm,q_06866_visual_bw.png,included_existing_specific
6867,True,physics_engineering_science,robot_arm,q_06867_visual_bw.png,included_existing_specific
6868,True,physics_engineering_science,robot_arm,q_06868_visual_bw.png,included_existing_specific
6869,True,physics_engineering_science,robot_arm,q_06869_visual_bw.png,included_existing_specific
6870,True,physics_engineering_science,robot_arm,q_06870_visual_bw.png,included_existing_specific
6871,True,physics_engineering_science,robot_arm,q_06871_visual_bw.png,included_existing_specific
6872,True,physics_engineering_science,robot_arm,q_06872_visual_bw.png,included_existing_specific
7077,True,physics_engineering_science,beam_reaction,q_07077_visual_bw.png,included_existing_specific
7081,True,physics_engineering_science,beam_reaction,q_07081_visual_bw.png,included_existing_specific
7086,True,physics_engineering_science,beam_reaction,q_07086_visual_bw.png,included_existing_specific
7089,True,physics_engineering_science,beam_reaction,q_07089_visual_bw.png,included_existing_specific
7094,True,physics_engineering_science,beam_reaction,q_07094_visual_bw.png,included_existing_specific
7097,True,physics_engineering_science,beam_reaction,q_07097_visual_bw.png,included_existing_specific
7102,True,physics_engineering_science,beam_reaction,q_07102_visual_bw.png,included_existing_specific
7161,True,physics_engineering_science,motor_power,q_07161_visual_bw.png,included_existing_specific
7162,True,physics_engineering_science,motor_power,q_07162_visual_bw.png,included_existing_specific
7163,True,physics_engineering_science,motor_power,q_07163_visual_bw.png,included_existing_specific
7164,True,physics_engineering_science,motor_power,q_07164_visual_bw.png,included_existing_specific
7165,True,physics_engineering_science,motor_power,q_07165_visual_bw.png,included_existing_specific
7166,True,physics_engineering_science,motor_power,q_07166_visual_bw.png,included_existing_specific
7167,True,physics_engineering_science,motor_power,q_07167_visual_bw.png,included_existing_specific
7168,True,physics_engineering_science,motor_power,q_07168_visual_bw.png,included_existing_specific
7241,True,code_questions_approved,code_block_bw,q_07241_code_bw.png,included_approved_code
7242,True,code_questions_approved,code_block_bw,q_07242_code_bw.png,included_approved_code
7243,True,code_questions_approved,code_block_bw,q_07243_code_bw.png,included_approved_code
7244,True,code_questions_approved,code_block_bw,q_07244_code_bw.png,included_approved_code
7245,True,code_questions_approved,code_block_bw,q_07245_code_bw.png,included_approved_code
7246,True,code_questions_approved,code_block_bw,q_07246_code_bw.png,included_approved_code
7247,True,code_questions_approved,code_block_bw,q_07247_code_bw.png,included_approved_code
7248,True,code_questions_approved,code_block_bw,q_07248_code_bw.png,included_approved_code
7249,True,code_questions_approved,code_block_bw,q_07249_code_bw.png,included_approved_code
7250,True,code_questions_approved,code_block_bw,q_07250_code_bw.png,included_approved_code
7251,True,code_questions_approved,code_block_bw,q_07251_code_bw.png,included_approved_code
7252,True,code_questions_approved,code_block_bw,q_07252_code_bw.png,included_approved_code
7253,True,code_questions_approved,code_block_bw,q_07253_code_bw.png,included_approved_code
7254,True,code_questions_approved,code_block_bw,q_07254_code_bw.png,included_approved_code
7255,True,code_questions_approved,code_block_bw,q_07255_code_bw.png,included_approved_code
7256,True,code_questions_approved,code_block_bw,q_07256_code_bw.png,included_approved_code
7257,True,code_questions_approved,code_block_bw,q_07257_code_bw.png,included_approved_code
7258,True,code_questions_approved,code_block_bw,q_07258_code_bw.png,included_approved_code
7259,True,code_questions_approved,code_block_bw,q_07259_code_bw.png,included_approved_code
7260,True,code_questions_approved,code_block_bw,q_07260_code_bw.png,included_approved_code
7261,True,code_questions_approved,code_block_bw,q_07261_code_bw.png,included_approved_code
7262,True,code_questions_approved,code_block_bw,q_07262_code_bw.png,included_approved_code
7263,True,code_questions_approved,code_block_bw,q_07263_code_bw.png,included_approved_code
7264,True,code_questions_approved,code_block_bw,q_07264_code_bw.png,included_approved_code
7568,True,electrical_electronics,voltage_divider,q_07568_visual_bw.png,included_existing_specific
7569,True,electrical_electronics,voltage_divider,q_07569_visual_bw.png,included_existing_specific
7570,True,electrical_electronics,voltage_divider,q_07570_visual_bw.png,included_existing_specific
7580,True,electrical_electronics,rc_charging,q_07580_visual_bw.png,included_existing_specific
7581,True,electrical_electronics,rc_charging,q_07581_visual_bw.png,included_existing_specific
7582,True,electrical_electronics,rc_charging,q_07582_visual_bw.png,included_existing_specific
7609,True,code_questions_approved,code_block_bw,q_07609_code_bw.png,included_approved_code
7610,True,code_questions_approved,code_block_bw,q_07610_code_bw.png,included_approved_code
7611,True,code_questions_approved,code_block_bw,q_07611_code_bw.png,included_approved_code
7612,True,code_questions_approved,code_block_bw,q_07612_code_bw.png,included_approved_code
7613,True,code_questions_approved,code_block_bw,q_07613_code_bw.png,included_approved_code
7614,True,code_questions_approved,code_block_bw,q_07614_code_bw.png,included_approved_code
7615,True,code_questions_approved,code_block_bw,q_07615_code_bw.png,included_approved_code
7616,True,code_questions_approved,code_block_bw,q_07616_code_bw.png,included_approved_code
7865,True,code_questions_approved,code_block_bw,q_07865_code_bw.png,included_approved_code
7866,True,code_questions_approved,code_block_bw,q_07866_code_bw.png,included_approved_code
7867,True,code_questions_approved,code_block_bw,q_07867_code_bw.png,included_approved_code
7868,True,code_questions_approved,code_block_bw,q_07868_code_bw.png,included_approved_code
7869,True,code_questions_approved,code_block_bw,q_07869_code_bw.png,included_approved_code
7870,True,code_questions_approved,code_block_bw,q_07870_code_bw.png,included_approved_code
7871,True,code_questions_approved,code_block_bw,q_07871_code_bw.png,included_approved_code
7872,True,code_questions_approved,code_block_bw,q_07872_code_bw.png,included_approved_code
7897,True,code_questions_approved,code_block_bw,q_07897_code_bw.png,included_approved_code
7898,True,code_questions_approved,code_block_bw,q_07898_code_bw.png,included_approved_code
7899,True,code_questions_approved,code_block_bw,q_07899_code_bw.png,included_approved_code
7900,True,code_questions_approved,code_block_bw,q_07900_code_bw.png,included_approved_code
7901,True,code_questions_approved,code_block_bw,q_07901_code_bw.png,included_approved_code
7902,True,code_questions_approved,code_block_bw,q_07902_code_bw.png,included_approved_code
7903,True,code_questions_approved,code_block_bw,q_07903_code_bw.png,included_approved_code
7904,True,code_questions_approved,code_block_bw,q_07904_code_bw.png,included_approved_code
8329,True,code_questions_approved,code_block_bw,q_08329_code_bw.png,included_approved_code
8330,True,code_questions_approved,code_block_bw,q_08330_code_bw.png,included_approved_code
8331,True,code_questions_approved,code_block_bw,q_08331_code_bw.png,included_approved_code
8332,True,code_questions_approved,code_block_bw,q_08332_code_bw.png,included_approved_code
8333,True,code_questions_approved,code_block_bw,q_08333_code_bw.png,included_approved_code
8334,True,code_questions_approved,code_block_bw,q_08334_code_bw.png,included_approved_code
8335,True,code_questions_approved,code_block_bw,q_08335_code_bw.png,included_approved_code
8336,True,code_questions_approved,code_block_bw,q_08336_code_bw.png,included_approved_code
8337,True,code_questions_approved,code_block_bw,q_08337_code_bw.png,included_approved_code
8338,True,code_questions_approved,code_block_bw,q_08338_code_bw.png,included_approved_code
8339,True,code_questions_approved,code_block_bw,q_08339_code_bw.png,included_approved_code
8340,True,code_questions_approved,code_block_bw,q_08340_code_bw.png,included_approved_code
8341,True,code_questions_approved,code_block_bw,q_08341_code_bw.png,included_approved_code
8342,True,code_questions_approved,code_block_bw,q_08342_code_bw.png,included_approved_code
8343,True,code_questions_approved,code_block_bw,q_08343_code_bw.png,included_approved_code
8344,True,code_questions_approved,code_block_bw,q_08344_code_bw.png,included_approved_code
8361,True,code_questions_approved,code_block_bw,q_08361_code_bw.png,included_approved_code
8362,True,code_questions_approved,code_block_bw,q_08362_code_bw.png,included_approved_code
8363,True,code_questions_approved,code_block_bw,q_08363_code_bw.png,included_approved_code
8364,True,code_questions_approved,code_block_bw,q_08364_code_bw.png,included_approved_code
8365,True,code_questions_approved,code_block_bw,q_08365_code_bw.png,included_approved_code
8366,True,code_questions_approved,code_block_bw,q_08366_code_bw.png,included_approved_code
8367,True,code_questions_approved,code_block_bw,q_08367_code_bw.png,included_approved_code
8368,True,code_questions_approved,code_block_bw,q_08368_code_bw.png,included_approved_code
8369,True,code_questions_approved,code_block_bw,q_08369_code_bw.png,included_approved_code
8370,True,code_questions_approved,code_block_bw,q_08370_code_bw.png,included_approved_code
8371,True,code_questions_approved,code_block_bw,q_08371_code_bw.png,included_approved_code
8372,True,code_questions_approved,code_block_bw,q_08372_code_bw.png,included_approved_code
8373,True,code_questions_approved,code_block_bw,q_08373_code_bw.png,included_approved_code
8374,True,code_questions_approved,code_block_bw,q_08374_code_bw.png,included_approved_code
8375,True,code_questions_approved,code_block_bw,q_08375_code_bw.png,included_approved_code
8376,True,code_questions_approved,code_block_bw,q_08376_code_bw.png,included_approved_code
8617,True,code_questions_approved,code_block_bw,q_08617_code_bw.png,included_approved_code
8618,True,code_questions_approved,code_block_bw,q_08618_code_bw.png,included_approved_code
8619,True,code_questions_approved,code_block_bw,q_08619_code_bw.png,included_approved_code
8620,True,code_questions_approved,code_block_bw,q_08620_code_bw.png,included_approved_code
8621,True,code_questions_approved,code_block_bw,q_08621_code_bw.png,included_approved_code
8622,True,code_questions_approved,code_block_bw,q_08622_code_bw.png,included_approved_code
8623,True,code_questions_approved,code_block_bw,q_08623_code_bw.png,included_approved_code
8624,True,code_questions_approved,code_block_bw,q_08624_code_bw.png,included_approved_code
8625,True,code_questions_approved,code_block_bw,q_08625_code_bw.png,included_approved_code
8626,True,code_questions_approved,code_block_bw,q_08626_code_bw.png,included_approved_code
8627,True,code_questions_approved,code_block_bw,q_08627_code_bw.png,included_approved_code
8628,True,code_questions_approved,code_block_bw,q_08628_code_bw.png,included_approved_code
8629,True,code_questions_approved,code_block_bw,q_08629_code_bw.png,included_approved_code
8630,True,code_questions_approved,code_block_bw,q_08630_code_bw.png,included_approved_code
8631,True,code_questions_approved,code_block_bw,q_08631_code_bw.png,included_approved_code
8632,True,code_questions_approved,code_block_bw,q_08632_code_bw.png,included_approved_code
8633,True,code_questions_approved,code_block_bw,q_08633_code_bw.png,included_approved_code
8634,True,code_questions_approved,code_block_bw,q_08634_code_bw.png,included_approved_code
8635,True,code_questions_approved,code_block_bw,q_08635_code_bw.png,included_approved_code
8636,True,code_questions_approved,code_block_bw,q_08636_code_bw.png,included_approved_code
8637,True,code_questions_approved,code_block_bw,q_08637_code_bw.png,included_approved_code
8638,True,code_questions_approved,code_block_bw,q_08638_code_bw.png,included_approved_code
8639,True,code_questions_approved,code_block_bw,q_08639_code_bw.png,included_approved_code
8640,True,code_questions_approved,code_block_bw,q_08640_code_bw.png,included_approved_code
8846,True,statistics_probability,probability_table,q_08846_visual_bw.png,included_existing_specific
8850,True,statistics_probability,probability_table,q_08850_visual_bw.png,included_existing_specific
8851,True,statistics_probability,probability_table,q_08851_visual_bw.png,included_existing_specific
10153,True,statistics_probability,probability_table,q_10153_visual_bw.png,included_existing_specific
10165,True,statistics_probability,probability_table,q_10165_visual_bw.png,included_existing_specific
