id,course_id,topic_name,parent_topic_id,weight,status,created_at,updated_at
1,1,Programming Basics,,1.0,active,"""2026-05-18T18:30:00.000Z""","""2026-05-18T18:30:00.000Z"""
2,1,Variables,1.0,,active,"""2026-05-18T18:30:00.000Z""","""2026-05-18T18:30:00.000Z"""
3,1,Control Flow,1.0,,active,"""2026-05-18T18:30:00.000Z""","""2026-05-18T18:30:00.000Z"""
4,1,Functions,,2.0,active,"""2026-05-18T18:30:00.000Z""","""2026-05-18T18:30:00.000Z"""
5,1,Parameters,4.0,,active,"""2026-05-18T18:30:00.000Z""","""2026-05-18T18:30:00.000Z"""
6,1,Return Values,4.0,,active,"""2026-05-18T18:30:00.000Z""","""2026-05-18T18:30:00.000Z"""
7,1,Data Modeling,,3.0,active,"""2026-05-18T18:30:00.000Z""","""2026-05-18T18:30:00.000Z"""
8,1,Classes,7.0,,active,"""2026-05-18T18:30:00.000Z""","""2026-05-18T18:30:00.000Z"""
9,1,Objects,7.0,,active,"""2026-05-18T18:30:00.000Z""","""2026-05-18T18:30:00.000Z"""
10,1,Problem Solving,,4.0,active,"""2026-05-18T18:30:00.000Z""","""2026-05-18T18:30:00.000Z"""
11,1,Algorithms,10.0,,active,"""2026-05-18T18:30:00.000Z""","""2026-05-18T18:30:00.000Z"""
12,1,Debugging,10.0,,active,"""2026-05-18T18:30:00.000Z""","""2026-05-18T18:30:00.000Z"""
13,2,Programming Basics,,1.0,active,"""2026-05-18T18:30:00.000Z""","""2026-05-18T18:30:00.000Z"""
14,2,Variables,13.0,,active,"""2026-05-18T18:30:00.000Z""","""2026-05-18T18:30:00.000Z"""
15,2,Control Flow,13.0,,active,"""2026-05-18T18:30:00.000Z""","""2026-05-18T18:30:00.000Z"""
16,2,Functions,,2.0,active,"""2026-05-18T18:30:00.000Z""","""2026-05-18T18:30:00.000Z"""
17,2,Parameters,16.0,,active,"""2026-05-18T18:30:00.000Z""","""2026-05-18T18:30:00.000Z"""
18,2,Return Values,16.0,,active,"""2026-05-18T18:30:00.000Z""","""2026-05-18T18:30:00.000Z"""
19,2,Data Modeling,,3.0,active,"""2026-05-18T18:30:00.000Z""","""2026-05-18T18:30:00.000Z"""
20,2,Classes,19.0,,active,"""2026-05-18T18:30:00.000Z""","""2026-05-18T18:30:00.000Z"""
21,2,Objects,19.0,,active,"""2026-05-18T18:30:00.000Z""","""2026-05-18T18:30:00.000Z"""
22,2,Problem Solving,,4.0,active,"""2026-05-18T18:30:00.000Z""","""2026-05-18T18:30:00.000Z"""
23,2,Algorithms,22.0,,active,"""2026-05-18T18:30:00.000Z""","""2026-05-18T18:30:00.000Z"""
24,2,Debugging,22.0,,active,"""2026-05-18T18:30:00.000Z""","""2026-05-18T18:30:00.000Z"""
25,3,Linear Structures,,1.0,active,"""2026-05-18T18:30:00.000Z""","""2026-05-18T18:30:00.000Z"""
26,3,Stacks,25.0,,active,"""2026-05-18T18:30:00.000Z""","""2026-05-18T18:30:00.000Z"""
27,3,Queues,25.0,,active,"""2026-05-18T18:30:00.000Z""","""2026-05-18T18:30:00.000Z"""
28,3,Trees,,2.0,active,"""2026-05-18T18:30:00.000Z""","""2026-05-18T18:30:00.000Z"""
29,3,Binary Trees,28.0,,active,"""2026-05-18T18:30:00.000Z""","""2026-05-18T18:30:00.000Z"""
30,3,Search Trees,28.0,,active,"""2026-05-18T18:30:00.000Z""","""2026-05-18T18:30:00.000Z"""
31,3,Hashing,,3.0,active,"""2026-05-18T18:30:00.000Z""","""2026-05-18T18:30:00.000Z"""
32,3,Hash Functions,31.0,,active,"""2026-05-18T18:30:00.000Z""","""2026-05-18T18:30:00.000Z"""
33,3,Collisions,31.0,,active,"""2026-05-18T18:30:00.000Z""","""2026-05-18T18:30:00.000Z"""
34,3,Graphs,,4.0,active,"""2026-05-18T18:30:00.000Z""","""2026-05-18T18:30:00.000Z"""
35,3,Representation,34.0,,active,"""2026-05-18T18:30:00.000Z""","""2026-05-18T18:30:00.000Z"""
36,3,Traversal,34.0,,active,"""2026-05-18T18:30:00.000Z""","""2026-05-18T18:30:00.000Z"""
37,4,Relational Model,,1.0,active,"""2026-05-18T18:30:00.000Z""","""2026-05-18T18:30:00.000Z"""
38,4,Tables,37.0,,active,"""2026-05-18T18:30:00.000Z""","""2026-05-18T18:30:00.000Z"""
39,4,Keys,37.0,,active,"""2026-05-18T18:30:00.000Z""","""2026-05-18T18:30:00.000Z"""
40,4,SQL Queries,,2.0,active,"""2026-05-18T18:30:00.000Z""","""2026-05-18T18:30:00.000Z"""
41,4,Selection,40.0,,active,"""2026-05-18T18:30:00.000Z""","""2026-05-18T18:30:00.000Z"""
42,4,Joins,40.0,,active,"""2026-05-18T18:30:00.000Z""","""2026-05-18T18:30:00.000Z"""
43,4,Database Design,,3.0,active,"""2026-05-18T18:30:00.000Z""","""2026-05-18T18:30:00.000Z"""
44,4,Normalization,43.0,,active,"""2026-05-18T18:30:00.000Z""","""2026-05-18T18:30:00.000Z"""
45,4,Relationships,43.0,,active,"""2026-05-18T18:30:00.000Z""","""2026-05-18T18:30:00.000Z"""
46,4,Transactions,,4.0,active,"""2026-05-18T18:30:00.000Z""","""2026-05-18T18:30:00.000Z"""
47,4,ACID,46.0,,active,"""2026-05-18T18:30:00.000Z""","""2026-05-18T18:30:00.000Z"""
48,4,Concurrency,46.0,,active,"""2026-05-18T18:30:00.000Z""","""2026-05-18T18:30:00.000Z"""
49,5,Network Layer,,1.0,active,"""2026-05-18T18:30:00.000Z""","""2026-05-18T18:30:00.000Z"""
50,5,IP Addressing,49.0,,active,"""2026-05-18T18:30:00.000Z""","""2026-05-18T18:30:00.000Z"""
51,5,Routing Basics,49.0,,active,"""2026-05-18T18:30:00.000Z""","""2026-05-18T18:30:00.000Z"""
52,5,Transport and Services,,2.0,active,"""2026-05-18T18:30:00.000Z""","""2026-05-18T18:30:00.000Z"""
53,5,Protocols,52.0,,active,"""2026-05-18T18:30:00.000Z""","""2026-05-18T18:30:00.000Z"""
54,5,Reliability,52.0,,active,"""2026-05-18T18:30:00.000Z""","""2026-05-18T18:30:00.000Z"""
55,5,Routing Protocols,,3.0,active,"""2026-05-18T18:30:00.000Z""","""2026-05-18T18:30:00.000Z"""
56,5,RIP and OSPF,55.0,,active,"""2026-05-18T18:30:00.000Z""","""2026-05-18T18:30:00.000Z"""
57,5,BGP Concepts,55.0,,active,"""2026-05-18T18:30:00.000Z""","""2026-05-18T18:30:00.000Z"""
58,5,Link Layer,,4.0,active,"""2026-05-18T18:30:00.000Z""","""2026-05-18T18:30:00.000Z"""
59,5,Framing,58.0,,active,"""2026-05-18T18:30:00.000Z""","""2026-05-18T18:30:00.000Z"""
60,5,Error Detection,58.0,,active,"""2026-05-18T18:30:00.000Z""","""2026-05-18T18:30:00.000Z"""
61,6,Processes,,1.0,active,"""2026-05-18T18:30:00.000Z""","""2026-05-18T18:30:00.000Z"""
62,6,Process States,61.0,,active,"""2026-05-18T18:30:00.000Z""","""2026-05-18T18:30:00.000Z"""
63,6,Scheduling,61.0,,active,"""2026-05-18T18:30:00.000Z""","""2026-05-18T18:30:00.000Z"""
64,6,Memory Management,,2.0,active,"""2026-05-18T18:30:00.000Z""","""2026-05-18T18:30:00.000Z"""
65,6,Paging,64.0,,active,"""2026-05-18T18:30:00.000Z""","""2026-05-18T18:30:00.000Z"""
66,6,Virtual Memory,64.0,,active,"""2026-05-18T18:30:00.000Z""","""2026-05-18T18:30:00.000Z"""
67,6,File Systems,,3.0,active,"""2026-05-18T18:30:00.000Z""","""2026-05-18T18:30:00.000Z"""
68,6,Directories,67.0,,active,"""2026-05-18T18:30:00.000Z""","""2026-05-18T18:30:00.000Z"""
69,6,Permissions,67.0,,active,"""2026-05-18T18:30:00.000Z""","""2026-05-18T18:30:00.000Z"""
70,6,Concurrency,,4.0,active,"""2026-05-18T18:30:00.000Z""","""2026-05-18T18:30:00.000Z"""
71,6,Threads,70.0,,active,"""2026-05-18T18:30:00.000Z""","""2026-05-18T18:30:00.000Z"""
72,6,Synchronization,70.0,,active,"""2026-05-18T18:30:00.000Z""","""2026-05-18T18:30:00.000Z"""
73,7,Foundations,,1.0,active,"""2026-05-18T18:30:00.000Z""","""2026-05-18T18:30:00.000Z"""
74,7,Definitions,73.0,,active,"""2026-05-18T18:30:00.000Z""","""2026-05-18T18:30:00.000Z"""
75,7,Key Terms,73.0,,active,"""2026-05-18T18:30:00.000Z""","""2026-05-18T18:30:00.000Z"""
76,7,Methods,,2.0,active,"""2026-05-18T18:30:00.000Z""","""2026-05-18T18:30:00.000Z"""
77,7,Procedures,76.0,,active,"""2026-05-18T18:30:00.000Z""","""2026-05-18T18:30:00.000Z"""
78,7,Tools,76.0,,active,"""2026-05-18T18:30:00.000Z""","""2026-05-18T18:30:00.000Z"""
79,7,Applications,,3.0,active,"""2026-05-18T18:30:00.000Z""","""2026-05-18T18:30:00.000Z"""
80,7,Examples,79.0,,active,"""2026-05-18T18:30:00.000Z""","""2026-05-18T18:30:00.000Z"""
81,7,Use Cases,79.0,,active,"""2026-05-18T18:30:00.000Z""","""2026-05-18T18:30:00.000Z"""
82,7,Assessment,,4.0,active,"""2026-05-18T18:30:00.000Z""","""2026-05-18T18:30:00.000Z"""
83,7,Common Errors,82.0,,active,"""2026-05-18T18:30:00.000Z""","""2026-05-18T18:30:00.000Z"""
84,7,Best Practices,82.0,,active,"""2026-05-18T18:30:00.000Z""","""2026-05-18T18:30:00.000Z"""
85,8,Foundations,,1.0,active,"""2026-05-18T18:30:00.000Z""","""2026-05-18T18:30:00.000Z"""
86,8,Definitions,85.0,,active,"""2026-05-18T18:30:00.000Z""","""2026-05-18T18:30:00.000Z"""
87,8,Key Terms,85.0,,active,"""2026-05-18T18:30:00.000Z""","""2026-05-18T18:30:00.000Z"""
88,8,Methods,,2.0,active,"""2026-05-18T18:30:00.000Z""","""2026-05-18T18:30:00.000Z"""
89,8,Procedures,88.0,,active,"""2026-05-18T18:30:00.000Z""","""2026-05-18T18:30:00.000Z"""
90,8,Tools,88.0,,active,"""2026-05-18T18:30:00.000Z""","""2026-05-18T18:30:00.000Z"""
91,8,Applications,,3.0,active,"""2026-05-18T18:30:00.000Z""","""2026-05-18T18:30:00.000Z"""
92,8,Examples,91.0,,active,"""2026-05-18T18:30:00.000Z""","""2026-05-18T18:30:00.000Z"""
93,8,Use Cases,91.0,,active,"""2026-05-18T18:30:00.000Z""","""2026-05-18T18:30:00.000Z"""
94,8,Assessment,,4.0,active,"""2026-05-18T18:30:00.000Z""","""2026-05-18T18:30:00.000Z"""
95,8,Common Errors,94.0,,active,"""2026-05-18T18:30:00.000Z""","""2026-05-18T18:30:00.000Z"""
96,8,Best Practices,94.0,,active,"""2026-05-18T18:30:00.000Z""","""2026-05-18T18:30:00.000Z"""
97,9,Algorithm Analysis,,1.0,active,"""2026-05-18T18:30:00.000Z""","""2026-05-18T18:30:00.000Z"""
98,9,Time Complexity,97.0,,active,"""2026-05-18T18:30:00.000Z""","""2026-05-18T18:30:00.000Z"""
99,9,Asymptotic Notation,97.0,,active,"""2026-05-18T18:30:00.000Z""","""2026-05-18T18:30:00.000Z"""
100,9,Sorting,,2.0,active,"""2026-05-18T18:30:00.000Z""","""2026-05-18T18:30:00.000Z"""
101,9,Comparison Sorting,100.0,,active,"""2026-05-18T18:30:00.000Z""","""2026-05-18T18:30:00.000Z"""
102,9,Stability,100.0,,active,"""2026-05-18T18:30:00.000Z""","""2026-05-18T18:30:00.000Z"""
103,9,Graph Algorithms,,3.0,active,"""2026-05-18T18:30:00.000Z""","""2026-05-18T18:30:00.000Z"""
104,9,Shortest Paths,103.0,,active,"""2026-05-18T18:30:00.000Z""","""2026-05-18T18:30:00.000Z"""
105,9,Minimum Spanning Trees,103.0,,active,"""2026-05-18T18:30:00.000Z""","""2026-05-18T18:30:00.000Z"""
106,9,Dynamic Programming,,4.0,active,"""2026-05-18T18:30:00.000Z""","""2026-05-18T18:30:00.000Z"""
107,9,Subproblems,106.0,,active,"""2026-05-18T18:30:00.000Z""","""2026-05-18T18:30:00.000Z"""
108,9,Optimal Substructure,106.0,,active,"""2026-05-18T18:30:00.000Z""","""2026-05-18T18:30:00.000Z"""
109,10,Search,,1.0,active,"""2026-05-18T18:30:00.000Z""","""2026-05-18T18:30:00.000Z"""
110,10,State Space,109.0,,active,"""2026-05-18T18:30:00.000Z""","""2026-05-18T18:30:00.000Z"""
111,10,Heuristics,109.0,,active,"""2026-05-18T18:30:00.000Z""","""2026-05-18T18:30:00.000Z"""
112,10,Knowledge Representation,,2.0,active,"""2026-05-18T18:30:00.000Z""","""2026-05-18T18:30:00.000Z"""
113,10,Rules,112.0,,active,"""2026-05-18T18:30:00.000Z""","""2026-05-18T18:30:00.000Z"""
114,10,Logic,112.0,,active,"""2026-05-18T18:30:00.000Z""","""2026-05-18T18:30:00.000Z"""
115,10,Machine Learning,,3.0,active,"""2026-05-18T18:30:00.000Z""","""2026-05-18T18:30:00.000Z"""
116,10,Training Data,115.0,,active,"""2026-05-18T18:30:00.000Z""","""2026-05-18T18:30:00.000Z"""
117,10,Evaluation,115.0,,active,"""2026-05-18T18:30:00.000Z""","""2026-05-18T18:30:00.000Z"""
118,10,Responsible AI,,4.0,active,"""2026-05-18T18:30:00.000Z""","""2026-05-18T18:30:00.000Z"""
119,10,Fairness,118.0,,active,"""2026-05-18T18:30:00.000Z""","""2026-05-18T18:30:00.000Z"""
120,10,Transparency,118.0,,active,"""2026-05-18T18:30:00.000Z""","""2026-05-18T18:30:00.000Z"""
121,11,Security Principles,,1.0,active,"""2026-05-18T18:30:00.000Z""","""2026-05-18T18:30:00.000Z"""
122,11,Confidentiality,121.0,,active,"""2026-05-18T18:30:00.000Z""","""2026-05-18T18:30:00.000Z"""
123,11,Integrity,121.0,,active,"""2026-05-18T18:30:00.000Z""","""2026-05-18T18:30:00.000Z"""
124,11,Authentication,,2.0,active,"""2026-05-18T18:30:00.000Z""","""2026-05-18T18:30:00.000Z"""
125,11,Passwords,124.0,,active,"""2026-05-18T18:30:00.000Z""","""2026-05-18T18:30:00.000Z"""
126,11,Access Control,124.0,,active,"""2026-05-18T18:30:00.000Z""","""2026-05-18T18:30:00.000Z"""
127,11,Cryptography,,3.0,active,"""2026-05-18T18:30:00.000Z""","""2026-05-18T18:30:00.000Z"""
128,11,Symmetric Encryption,127.0,,active,"""2026-05-18T18:30:00.000Z""","""2026-05-18T18:30:00.000Z"""
129,11,Hash Functions,127.0,,active,"""2026-05-18T18:30:00.000Z""","""2026-05-18T18:30:00.000Z"""
130,11,Network Security,,4.0,active,"""2026-05-18T18:30:00.000Z""","""2026-05-18T18:30:00.000Z"""
131,11,Threats,130.0,,active,"""2026-05-18T18:30:00.000Z""","""2026-05-18T18:30:00.000Z"""
132,11,Defenses,130.0,,active,"""2026-05-18T18:30:00.000Z""","""2026-05-18T18:30:00.000Z"""
133,12,Foundations,,1.0,active,"""2026-05-18T18:30:00.000Z""","""2026-05-18T18:30:00.000Z"""
134,12,Definitions,133.0,,active,"""2026-05-18T18:30:00.000Z""","""2026-05-18T18:30:00.000Z"""
135,12,Key Terms,133.0,,active,"""2026-05-18T18:30:00.000Z""","""2026-05-18T18:30:00.000Z"""
136,12,Methods,,2.0,active,"""2026-05-18T18:30:00.000Z""","""2026-05-18T18:30:00.000Z"""
137,12,Procedures,136.0,,active,"""2026-05-18T18:30:00.000Z""","""2026-05-18T18:30:00.000Z"""
138,12,Tools,136.0,,active,"""2026-05-18T18:30:00.000Z""","""2026-05-18T18:30:00.000Z"""
139,12,Applications,,3.0,active,"""2026-05-18T18:30:00.000Z""","""2026-05-18T18:30:00.000Z"""
140,12,Examples,139.0,,active,"""2026-05-18T18:30:00.000Z""","""2026-05-18T18:30:00.000Z"""
141,12,Use Cases,139.0,,active,"""2026-05-18T18:30:00.000Z""","""2026-05-18T18:30:00.000Z"""
142,12,Assessment,,4.0,active,"""2026-05-18T18:30:00.000Z""","""2026-05-18T18:30:00.000Z"""
143,12,Common Errors,142.0,,active,"""2026-05-18T18:30:00.000Z""","""2026-05-18T18:30:00.000Z"""
144,12,Best Practices,142.0,,active,"""2026-05-18T18:30:00.000Z""","""2026-05-18T18:30:00.000Z"""
145,13,Lexical Analysis,,1.0,active,"""2026-05-18T18:30:00.000Z""","""2026-05-18T18:30:00.000Z"""
146,13,Tokens,145.0,,active,"""2026-05-18T18:30:00.000Z""","""2026-05-18T18:30:00.000Z"""
147,13,Regular Expressions,145.0,,active,"""2026-05-18T18:30:00.000Z""","""2026-05-18T18:30:00.000Z"""
148,13,Parsing,,2.0,active,"""2026-05-18T18:30:00.000Z""","""2026-05-18T18:30:00.000Z"""
149,13,Grammars,148.0,,active,"""2026-05-18T18:30:00.000Z""","""2026-05-18T18:30:00.000Z"""
150,13,Parse Trees,148.0,,active,"""2026-05-18T18:30:00.000Z""","""2026-05-18T18:30:00.000Z"""
151,13,Semantic Analysis,,3.0,active,"""2026-05-18T18:30:00.000Z""","""2026-05-18T18:30:00.000Z"""
152,13,Types,151.0,,active,"""2026-05-18T18:30:00.000Z""","""2026-05-18T18:30:00.000Z"""
153,13,Scopes,151.0,,active,"""2026-05-18T18:30:00.000Z""","""2026-05-18T18:30:00.000Z"""
154,13,Code Generation,,4.0,active,"""2026-05-18T18:30:00.000Z""","""2026-05-18T18:30:00.000Z"""
155,13,Intermediate Code,154.0,,active,"""2026-05-18T18:30:00.000Z""","""2026-05-18T18:30:00.000Z"""
156,13,Optimization,154.0,,active,"""2026-05-18T18:30:00.000Z""","""2026-05-18T18:30:00.000Z"""
157,14,Mathematical Foundations,,1.0,active,"""2026-05-18T18:30:00.000Z""","""2026-05-18T18:30:00.000Z"""
158,14,Notation,157.0,,active,"""2026-05-18T18:30:00.000Z""","""2026-05-18T18:30:00.000Z"""
159,14,Functions,157.0,,active,"""2026-05-18T18:30:00.000Z""","""2026-05-18T18:30:00.000Z"""
160,14,Core Methods,,2.0,active,"""2026-05-18T18:30:00.000Z""","""2026-05-18T18:30:00.000Z"""
161,14,Equations,160.0,,active,"""2026-05-18T18:30:00.000Z""","""2026-05-18T18:30:00.000Z"""
162,14,Transformations,160.0,,active,"""2026-05-18T18:30:00.000Z""","""2026-05-18T18:30:00.000Z"""
163,14,Applications,,3.0,active,"""2026-05-18T18:30:00.000Z""","""2026-05-18T18:30:00.000Z"""
164,14,Modeling,163.0,,active,"""2026-05-18T18:30:00.000Z""","""2026-05-18T18:30:00.000Z"""
165,14,Interpretation,163.0,,active,"""2026-05-18T18:30:00.000Z""","""2026-05-18T18:30:00.000Z"""
166,14,Problem Solving,,4.0,active,"""2026-05-18T18:30:00.000Z""","""2026-05-18T18:30:00.000Z"""
167,14,Proof Steps,166.0,,active,"""2026-05-18T18:30:00.000Z""","""2026-05-18T18:30:00.000Z"""
168,14,Checking Results,166.0,,active,"""2026-05-18T18:30:00.000Z""","""2026-05-18T18:30:00.000Z"""
169,15,Mathematical Foundations,,1.0,active,"""2026-05-18T18:30:00.000Z""","""2026-05-18T18:30:00.000Z"""
170,15,Notation,169.0,,active,"""2026-05-18T18:30:00.000Z""","""2026-05-18T18:30:00.000Z"""
171,15,Functions,169.0,,active,"""2026-05-18T18:30:00.000Z""","""2026-05-18T18:30:00.000Z"""
172,15,Core Methods,,2.0,active,"""2026-05-18T18:30:00.000Z""","""2026-05-18T18:30:00.000Z"""
173,15,Equations,172.0,,active,"""2026-05-18T18:30:00.000Z""","""2026-05-18T18:30:00.000Z"""
174,15,Transformations,172.0,,active,"""2026-05-18T18:30:00.000Z""","""2026-05-18T18:30:00.000Z"""
175,15,Applications,,3.0,active,"""2026-05-18T18:30:00.000Z""","""2026-05-18T18:30:00.000Z"""
176,15,Modeling,175.0,,active,"""2026-05-18T18:30:00.000Z""","""2026-05-18T18:30:00.000Z"""
177,15,Interpretation,175.0,,active,"""2026-05-18T18:30:00.000Z""","""2026-05-18T18:30:00.000Z"""
178,15,Problem Solving,,4.0,active,"""2026-05-18T18:30:00.000Z""","""2026-05-18T18:30:00.000Z"""
179,15,Proof Steps,178.0,,active,"""2026-05-18T18:30:00.000Z""","""2026-05-18T18:30:00.000Z"""
180,15,Checking Results,178.0,,active,"""2026-05-18T18:30:00.000Z""","""2026-05-18T18:30:00.000Z"""
181,16,Forces and Equilibrium,,1.0,active,"""2026-05-18T18:30:00.000Z""","""2026-05-18T18:30:00.000Z"""
182,16,Free Body Diagrams,181.0,,active,"""2026-05-18T18:30:00.000Z""","""2026-05-18T18:30:00.000Z"""
183,16,Moments,181.0,,active,"""2026-05-18T18:30:00.000Z""","""2026-05-18T18:30:00.000Z"""
184,16,Material Behavior,,2.0,active,"""2026-05-18T18:30:00.000Z""","""2026-05-18T18:30:00.000Z"""
185,16,Stress,184.0,,active,"""2026-05-18T18:30:00.000Z""","""2026-05-18T18:30:00.000Z"""
186,16,Strain,184.0,,active,"""2026-05-18T18:30:00.000Z""","""2026-05-18T18:30:00.000Z"""
187,16,Structural Response,,3.0,active,"""2026-05-18T18:30:00.000Z""","""2026-05-18T18:30:00.000Z"""
188,16,Loads,187.0,,active,"""2026-05-18T18:30:00.000Z""","""2026-05-18T18:30:00.000Z"""
189,16,Deflection,187.0,,active,"""2026-05-18T18:30:00.000Z""","""2026-05-18T18:30:00.000Z"""
190,16,Engineering Analysis,,4.0,active,"""2026-05-18T18:30:00.000Z""","""2026-05-18T18:30:00.000Z"""
191,16,Assumptions,190.0,,active,"""2026-05-18T18:30:00.000Z""","""2026-05-18T18:30:00.000Z"""
192,16,Safety Factors,190.0,,active,"""2026-05-18T18:30:00.000Z""","""2026-05-18T18:30:00.000Z"""
193,17,Forces and Equilibrium,,1.0,active,"""2026-05-18T18:30:00.000Z""","""2026-05-18T18:30:00.000Z"""
194,17,Free Body Diagrams,193.0,,active,"""2026-05-18T18:30:00.000Z""","""2026-05-18T18:30:00.000Z"""
195,17,Moments,193.0,,active,"""2026-05-18T18:30:00.000Z""","""2026-05-18T18:30:00.000Z"""
196,17,Material Behavior,,2.0,active,"""2026-05-18T18:30:00.000Z""","""2026-05-18T18:30:00.000Z"""
197,17,Stress,196.0,,active,"""2026-05-18T18:30:00.000Z""","""2026-05-18T18:30:00.000Z"""
198,17,Strain,196.0,,active,"""2026-05-18T18:30:00.000Z""","""2026-05-18T18:30:00.000Z"""
199,17,Structural Response,,3.0,active,"""2026-05-18T18:30:00.000Z""","""2026-05-18T18:30:00.000Z"""
200,17,Loads,199.0,,active,"""2026-05-18T18:30:00.000Z""","""2026-05-18T18:30:00.000Z"""
201,17,Deflection,199.0,,active,"""2026-05-18T18:30:00.000Z""","""2026-05-18T18:30:00.000Z"""
202,17,Engineering Analysis,,4.0,active,"""2026-05-18T18:30:00.000Z""","""2026-05-18T18:30:00.000Z"""
203,17,Assumptions,202.0,,active,"""2026-05-18T18:30:00.000Z""","""2026-05-18T18:30:00.000Z"""
204,17,Safety Factors,202.0,,active,"""2026-05-18T18:30:00.000Z""","""2026-05-18T18:30:00.000Z"""
205,18,Material Properties,,1.0,active,"""2026-05-18T18:30:00.000Z""","""2026-05-18T18:30:00.000Z"""
206,18,Strength,205.0,,active,"""2026-05-18T18:30:00.000Z""","""2026-05-18T18:30:00.000Z"""
207,18,Durability,205.0,,active,"""2026-05-18T18:30:00.000Z""","""2026-05-18T18:30:00.000Z"""
208,18,Design Principles,,2.0,active,"""2026-05-18T18:30:00.000Z""","""2026-05-18T18:30:00.000Z"""
209,18,Loads,208.0,,active,"""2026-05-18T18:30:00.000Z""","""2026-05-18T18:30:00.000Z"""
210,18,Codes,208.0,,active,"""2026-05-18T18:30:00.000Z""","""2026-05-18T18:30:00.000Z"""
211,18,Site Conditions,,3.0,active,"""2026-05-18T18:30:00.000Z""","""2026-05-18T18:30:00.000Z"""
212,18,Soil Behavior,211.0,,active,"""2026-05-18T18:30:00.000Z""","""2026-05-18T18:30:00.000Z"""
213,18,Water Effects,211.0,,active,"""2026-05-18T18:30:00.000Z""","""2026-05-18T18:30:00.000Z"""
214,18,Project Practice,,4.0,active,"""2026-05-18T18:30:00.000Z""","""2026-05-18T18:30:00.000Z"""
215,18,Planning,214.0,,active,"""2026-05-18T18:30:00.000Z""","""2026-05-18T18:30:00.000Z"""
216,18,Quality Control,214.0,,active,"""2026-05-18T18:30:00.000Z""","""2026-05-18T18:30:00.000Z"""
217,19,Forces and Equilibrium,,1.0,active,"""2026-05-18T18:30:00.000Z""","""2026-05-18T18:30:00.000Z"""
218,19,Free Body Diagrams,217.0,,active,"""2026-05-18T18:30:00.000Z""","""2026-05-18T18:30:00.000Z"""
219,19,Moments,217.0,,active,"""2026-05-18T18:30:00.000Z""","""2026-05-18T18:30:00.000Z"""
220,19,Material Behavior,,2.0,active,"""2026-05-18T18:30:00.000Z""","""2026-05-18T18:30:00.000Z"""
221,19,Stress,220.0,,active,"""2026-05-18T18:30:00.000Z""","""2026-05-18T18:30:00.000Z"""
222,19,Strain,220.0,,active,"""2026-05-18T18:30:00.000Z""","""2026-05-18T18:30:00.000Z"""
223,19,Structural Response,,3.0,active,"""2026-05-18T18:30:00.000Z""","""2026-05-18T18:30:00.000Z"""
224,19,Loads,223.0,,active,"""2026-05-18T18:30:00.000Z""","""2026-05-18T18:30:00.000Z"""
225,19,Deflection,223.0,,active,"""2026-05-18T18:30:00.000Z""","""2026-05-18T18:30:00.000Z"""
226,19,Engineering Analysis,,4.0,active,"""2026-05-18T18:30:00.000Z""","""2026-05-18T18:30:00.000Z"""
227,19,Assumptions,226.0,,active,"""2026-05-18T18:30:00.000Z""","""2026-05-18T18:30:00.000Z"""
228,19,Safety Factors,226.0,,active,"""2026-05-18T18:30:00.000Z""","""2026-05-18T18:30:00.000Z"""
229,20,Forces and Equilibrium,,1.0,active,"""2026-05-18T18:30:00.000Z""","""2026-05-18T18:30:00.000Z"""
230,20,Free Body Diagrams,229.0,,active,"""2026-05-18T18:30:00.000Z""","""2026-05-18T18:30:00.000Z"""
231,20,Moments,229.0,,active,"""2026-05-18T18:30:00.000Z""","""2026-05-18T18:30:00.000Z"""
232,20,Material Behavior,,2.0,active,"""2026-05-18T18:30:00.000Z""","""2026-05-18T18:30:00.000Z"""
233,20,Stress,232.0,,active,"""2026-05-18T18:30:00.000Z""","""2026-05-18T18:30:00.000Z"""
234,20,Strain,232.0,,active,"""2026-05-18T18:30:00.000Z""","""2026-05-18T18:30:00.000Z"""
235,20,Structural Response,,3.0,active,"""2026-05-18T18:30:00.000Z""","""2026-05-18T18:30:00.000Z"""
236,20,Loads,235.0,,active,"""2026-05-18T18:30:00.000Z""","""2026-05-18T18:30:00.000Z"""
237,20,Deflection,235.0,,active,"""2026-05-18T18:30:00.000Z""","""2026-05-18T18:30:00.000Z"""
238,20,Engineering Analysis,,4.0,active,"""2026-05-18T18:30:00.000Z""","""2026-05-18T18:30:00.000Z"""
239,20,Assumptions,238.0,,active,"""2026-05-18T18:30:00.000Z""","""2026-05-18T18:30:00.000Z"""
240,20,Safety Factors,238.0,,active,"""2026-05-18T18:30:00.000Z""","""2026-05-18T18:30:00.000Z"""
241,21,Material Properties,,1.0,active,"""2026-05-18T18:30:00.000Z""","""2026-05-18T18:30:00.000Z"""
242,21,Strength,241.0,,active,"""2026-05-18T18:30:00.000Z""","""2026-05-18T18:30:00.000Z"""
243,21,Durability,241.0,,active,"""2026-05-18T18:30:00.000Z""","""2026-05-18T18:30:00.000Z"""
244,21,Design Principles,,2.0,active,"""2026-05-18T18:30:00.000Z""","""2026-05-18T18:30:00.000Z"""
245,21,Loads,244.0,,active,"""2026-05-18T18:30:00.000Z""","""2026-05-18T18:30:00.000Z"""
246,21,Codes,244.0,,active,"""2026-05-18T18:30:00.000Z""","""2026-05-18T18:30:00.000Z"""
247,21,Site Conditions,,3.0,active,"""2026-05-18T18:30:00.000Z""","""2026-05-18T18:30:00.000Z"""
248,21,Soil Behavior,247.0,,active,"""2026-05-18T18:30:00.000Z""","""2026-05-18T18:30:00.000Z"""
249,21,Water Effects,247.0,,active,"""2026-05-18T18:30:00.000Z""","""2026-05-18T18:30:00.000Z"""
250,21,Project Practice,,4.0,active,"""2026-05-18T18:30:00.000Z""","""2026-05-18T18:30:00.000Z"""
251,21,Planning,250.0,,active,"""2026-05-18T18:30:00.000Z""","""2026-05-18T18:30:00.000Z"""
252,21,Quality Control,250.0,,active,"""2026-05-18T18:30:00.000Z""","""2026-05-18T18:30:00.000Z"""
253,22,Programming Basics,,1.0,active,"""2026-05-18T18:30:00.000Z""","""2026-05-18T18:30:00.000Z"""
254,22,Variables,253.0,,active,"""2026-05-18T18:30:00.000Z""","""2026-05-18T18:30:00.000Z"""
255,22,Control Flow,253.0,,active,"""2026-05-18T18:30:00.000Z""","""2026-05-18T18:30:00.000Z"""
256,22,Functions,,2.0,active,"""2026-05-18T18:30:00.000Z""","""2026-05-18T18:30:00.000Z"""
257,22,Parameters,256.0,,active,"""2026-05-18T18:30:00.000Z""","""2026-05-18T18:30:00.000Z"""
258,22,Return Values,256.0,,active,"""2026-05-18T18:30:00.000Z""","""2026-05-18T18:30:00.000Z"""
259,22,Data Modeling,,3.0,active,"""2026-05-18T18:30:00.000Z""","""2026-05-18T18:30:00.000Z"""
260,22,Classes,259.0,,active,"""2026-05-18T18:30:00.000Z""","""2026-05-18T18:30:00.000Z"""
261,22,Objects,259.0,,active,"""2026-05-18T18:30:00.000Z""","""2026-05-18T18:30:00.000Z"""
262,22,Problem Solving,,4.0,active,"""2026-05-18T18:30:00.000Z""","""2026-05-18T18:30:00.000Z"""
263,22,Algorithms,262.0,,active,"""2026-05-18T18:30:00.000Z""","""2026-05-18T18:30:00.000Z"""
264,22,Debugging,262.0,,active,"""2026-05-18T18:30:00.000Z""","""2026-05-18T18:30:00.000Z"""
265,23,Forces and Equilibrium,,1.0,active,"""2026-05-18T18:30:00.000Z""","""2026-05-18T18:30:00.000Z"""
266,23,Free Body Diagrams,265.0,,active,"""2026-05-18T18:30:00.000Z""","""2026-05-18T18:30:00.000Z"""
267,23,Moments,265.0,,active,"""2026-05-18T18:30:00.000Z""","""2026-05-18T18:30:00.000Z"""
268,23,Material Behavior,,2.0,active,"""2026-05-18T18:30:00.000Z""","""2026-05-18T18:30:00.000Z"""
269,23,Stress,268.0,,active,"""2026-05-18T18:30:00.000Z""","""2026-05-18T18:30:00.000Z"""
270,23,Strain,268.0,,active,"""2026-05-18T18:30:00.000Z""","""2026-05-18T18:30:00.000Z"""
271,23,Structural Response,,3.0,active,"""2026-05-18T18:30:00.000Z""","""2026-05-18T18:30:00.000Z"""
272,23,Loads,271.0,,active,"""2026-05-18T18:30:00.000Z""","""2026-05-18T18:30:00.000Z"""
273,23,Deflection,271.0,,active,"""2026-05-18T18:30:00.000Z""","""2026-05-18T18:30:00.000Z"""
274,23,Engineering Analysis,,4.0,active,"""2026-05-18T18:30:00.000Z""","""2026-05-18T18:30:00.000Z"""
275,23,Assumptions,274.0,,active,"""2026-05-18T18:30:00.000Z""","""2026-05-18T18:30:00.000Z"""
276,23,Safety Factors,274.0,,active,"""2026-05-18T18:30:00.000Z""","""2026-05-18T18:30:00.000Z"""
277,24,Forces and Equilibrium,,1.0,active,"""2026-05-18T18:30:00.000Z""","""2026-05-18T18:30:00.000Z"""
278,24,Free Body Diagrams,277.0,,active,"""2026-05-18T18:30:00.000Z""","""2026-05-18T18:30:00.000Z"""
279,24,Moments,277.0,,active,"""2026-05-18T18:30:00.000Z""","""2026-05-18T18:30:00.000Z"""
280,24,Material Behavior,,2.0,active,"""2026-05-18T18:30:00.000Z""","""2026-05-18T18:30:00.000Z"""
281,24,Stress,280.0,,active,"""2026-05-18T18:30:00.000Z""","""2026-05-18T18:30:00.000Z"""
282,24,Strain,280.0,,active,"""2026-05-18T18:30:00.000Z""","""2026-05-18T18:30:00.000Z"""
283,24,Structural Response,,3.0,active,"""2026-05-18T18:30:00.000Z""","""2026-05-18T18:30:00.000Z"""
284,24,Loads,283.0,,active,"""2026-05-18T18:30:00.000Z""","""2026-05-18T18:30:00.000Z"""
285,24,Deflection,283.0,,active,"""2026-05-18T18:30:00.000Z""","""2026-05-18T18:30:00.000Z"""
286,24,Engineering Analysis,,4.0,active,"""2026-05-18T18:30:00.000Z""","""2026-05-18T18:30:00.000Z"""
287,24,Assumptions,286.0,,active,"""2026-05-18T18:30:00.000Z""","""2026-05-18T18:30:00.000Z"""
288,24,Safety Factors,286.0,,active,"""2026-05-18T18:30:00.000Z""","""2026-05-18T18:30:00.000Z"""
289,25,System Components,,1.0,active,"""2026-05-18T18:30:00.000Z""","""2026-05-18T18:30:00.000Z"""
290,25,Inputs,289.0,,active,"""2026-05-18T18:30:00.000Z""","""2026-05-18T18:30:00.000Z"""
291,25,Outputs,289.0,,active,"""2026-05-18T18:30:00.000Z""","""2026-05-18T18:30:00.000Z"""
292,25,Signals and Models,,2.0,active,"""2026-05-18T18:30:00.000Z""","""2026-05-18T18:30:00.000Z"""
293,25,Time Domain,292.0,,active,"""2026-05-18T18:30:00.000Z""","""2026-05-18T18:30:00.000Z"""
294,25,Frequency Domain,292.0,,active,"""2026-05-18T18:30:00.000Z""","""2026-05-18T18:30:00.000Z"""
295,25,Circuits and Devices,,3.0,active,"""2026-05-18T18:30:00.000Z""","""2026-05-18T18:30:00.000Z"""
296,25,Components,295.0,,active,"""2026-05-18T18:30:00.000Z""","""2026-05-18T18:30:00.000Z"""
297,25,Behavior,295.0,,active,"""2026-05-18T18:30:00.000Z""","""2026-05-18T18:30:00.000Z"""
298,25,Control and Implementation,,4.0,active,"""2026-05-18T18:30:00.000Z""","""2026-05-18T18:30:00.000Z"""
299,25,Feedback,298.0,,active,"""2026-05-18T18:30:00.000Z""","""2026-05-18T18:30:00.000Z"""
300,25,Testing,298.0,,active,"""2026-05-18T18:30:00.000Z""","""2026-05-18T18:30:00.000Z"""
301,26,Forces and Equilibrium,,1.0,active,"""2026-05-18T18:30:00.000Z""","""2026-05-18T18:30:00.000Z"""
302,26,Free Body Diagrams,301.0,,active,"""2026-05-18T18:30:00.000Z""","""2026-05-18T18:30:00.000Z"""
303,26,Moments,301.0,,active,"""2026-05-18T18:30:00.000Z""","""2026-05-18T18:30:00.000Z"""
304,26,Material Behavior,,2.0,active,"""2026-05-18T18:30:00.000Z""","""2026-05-18T18:30:00.000Z"""
305,26,Stress,304.0,,active,"""2026-05-18T18:30:00.000Z""","""2026-05-18T18:30:00.000Z"""
306,26,Strain,304.0,,active,"""2026-05-18T18:30:00.000Z""","""2026-05-18T18:30:00.000Z"""
307,26,Structural Response,,3.0,active,"""2026-05-18T18:30:00.000Z""","""2026-05-18T18:30:00.000Z"""
308,26,Loads,307.0,,active,"""2026-05-18T18:30:00.000Z""","""2026-05-18T18:30:00.000Z"""
309,26,Deflection,307.0,,active,"""2026-05-18T18:30:00.000Z""","""2026-05-18T18:30:00.000Z"""
310,26,Engineering Analysis,,4.0,active,"""2026-05-18T18:30:00.000Z""","""2026-05-18T18:30:00.000Z"""
311,26,Assumptions,310.0,,active,"""2026-05-18T18:30:00.000Z""","""2026-05-18T18:30:00.000Z"""
312,26,Safety Factors,310.0,,active,"""2026-05-18T18:30:00.000Z""","""2026-05-18T18:30:00.000Z"""
313,27,Forces and Equilibrium,,1.0,active,"""2026-05-18T18:30:00.000Z""","""2026-05-18T18:30:00.000Z"""
314,27,Free Body Diagrams,313.0,,active,"""2026-05-18T18:30:00.000Z""","""2026-05-18T18:30:00.000Z"""
315,27,Moments,313.0,,active,"""2026-05-18T18:30:00.000Z""","""2026-05-18T18:30:00.000Z"""
316,27,Material Behavior,,2.0,active,"""2026-05-18T18:30:00.000Z""","""2026-05-18T18:30:00.000Z"""
317,27,Stress,316.0,,active,"""2026-05-18T18:30:00.000Z""","""2026-05-18T18:30:00.000Z"""
318,27,Strain,316.0,,active,"""2026-05-18T18:30:00.000Z""","""2026-05-18T18:30:00.000Z"""
319,27,Structural Response,,3.0,active,"""2026-05-18T18:30:00.000Z""","""2026-05-18T18:30:00.000Z"""
320,27,Loads,319.0,,active,"""2026-05-18T18:30:00.000Z""","""2026-05-18T18:30:00.000Z"""
321,27,Deflection,319.0,,active,"""2026-05-18T18:30:00.000Z""","""2026-05-18T18:30:00.000Z"""
322,27,Engineering Analysis,,4.0,active,"""2026-05-18T18:30:00.000Z""","""2026-05-18T18:30:00.000Z"""
323,27,Assumptions,322.0,,active,"""2026-05-18T18:30:00.000Z""","""2026-05-18T18:30:00.000Z"""
324,27,Safety Factors,322.0,,active,"""2026-05-18T18:30:00.000Z""","""2026-05-18T18:30:00.000Z"""
325,28,Forces and Equilibrium,,1.0,active,"""2026-05-18T18:30:00.000Z""","""2026-05-18T18:30:00.000Z"""
326,28,Free Body Diagrams,325.0,,active,"""2026-05-18T18:30:00.000Z""","""2026-05-18T18:30:00.000Z"""
327,28,Moments,325.0,,active,"""2026-05-18T18:30:00.000Z""","""2026-05-18T18:30:00.000Z"""
328,28,Material Behavior,,2.0,active,"""2026-05-18T18:30:00.000Z""","""2026-05-18T18:30:00.000Z"""
329,28,Stress,328.0,,active,"""2026-05-18T18:30:00.000Z""","""2026-05-18T18:30:00.000Z"""
330,28,Strain,328.0,,active,"""2026-05-18T18:30:00.000Z""","""2026-05-18T18:30:00.000Z"""
331,28,Structural Response,,3.0,active,"""2026-05-18T18:30:00.000Z""","""2026-05-18T18:30:00.000Z"""
332,28,Loads,331.0,,active,"""2026-05-18T18:30:00.000Z""","""2026-05-18T18:30:00.000Z"""
333,28,Deflection,331.0,,active,"""2026-05-18T18:30:00.000Z""","""2026-05-18T18:30:00.000Z"""
334,28,Engineering Analysis,,4.0,active,"""2026-05-18T18:30:00.000Z""","""2026-05-18T18:30:00.000Z"""
335,28,Assumptions,334.0,,active,"""2026-05-18T18:30:00.000Z""","""2026-05-18T18:30:00.000Z"""
336,28,Safety Factors,334.0,,active,"""2026-05-18T18:30:00.000Z""","""2026-05-18T18:30:00.000Z"""
337,29,System Components,,1.0,active,"""2026-05-18T18:30:00.000Z""","""2026-05-18T18:30:00.000Z"""
338,29,Inputs,337.0,,active,"""2026-05-18T18:30:00.000Z""","""2026-05-18T18:30:00.000Z"""
339,29,Outputs,337.0,,active,"""2026-05-18T18:30:00.000Z""","""2026-05-18T18:30:00.000Z"""
340,29,Signals and Models,,2.0,active,"""2026-05-18T18:30:00.000Z""","""2026-05-18T18:30:00.000Z"""
341,29,Time Domain,340.0,,active,"""2026-05-18T18:30:00.000Z""","""2026-05-18T18:30:00.000Z"""
342,29,Frequency Domain,340.0,,active,"""2026-05-18T18:30:00.000Z""","""2026-05-18T18:30:00.000Z"""
343,29,Circuits and Devices,,3.0,active,"""2026-05-18T18:30:00.000Z""","""2026-05-18T18:30:00.000Z"""
344,29,Components,343.0,,active,"""2026-05-18T18:30:00.000Z""","""2026-05-18T18:30:00.000Z"""
345,29,Behavior,343.0,,active,"""2026-05-18T18:30:00.000Z""","""2026-05-18T18:30:00.000Z"""
346,29,Control and Implementation,,4.0,active,"""2026-05-18T18:30:00.000Z""","""2026-05-18T18:30:00.000Z"""
347,29,Feedback,346.0,,active,"""2026-05-18T18:30:00.000Z""","""2026-05-18T18:30:00.000Z"""
348,29,Testing,346.0,,active,"""2026-05-18T18:30:00.000Z""","""2026-05-18T18:30:00.000Z"""
349,30,Core Concepts,,1.0,active,"""2026-05-18T18:30:00.000Z""","""2026-05-18T18:30:00.000Z"""
350,30,Systems,349.0,,active,"""2026-05-18T18:30:00.000Z""","""2026-05-18T18:30:00.000Z"""
351,30,Properties,349.0,,active,"""2026-05-18T18:30:00.000Z""","""2026-05-18T18:30:00.000Z"""
352,30,Balances,,2.0,active,"""2026-05-18T18:30:00.000Z""","""2026-05-18T18:30:00.000Z"""
353,30,Mass Balance,352.0,,active,"""2026-05-18T18:30:00.000Z""","""2026-05-18T18:30:00.000Z"""
354,30,Energy Balance,352.0,,active,"""2026-05-18T18:30:00.000Z""","""2026-05-18T18:30:00.000Z"""
355,30,Processes,,3.0,active,"""2026-05-18T18:30:00.000Z""","""2026-05-18T18:30:00.000Z"""
356,30,Reaction,355.0,,active,"""2026-05-18T18:30:00.000Z""","""2026-05-18T18:30:00.000Z"""
357,30,Separation,355.0,,active,"""2026-05-18T18:30:00.000Z""","""2026-05-18T18:30:00.000Z"""
358,30,Applications,,4.0,active,"""2026-05-18T18:30:00.000Z""","""2026-05-18T18:30:00.000Z"""
359,30,Industrial Equipment,358.0,,active,"""2026-05-18T18:30:00.000Z""","""2026-05-18T18:30:00.000Z"""
360,30,Safety,358.0,,active,"""2026-05-18T18:30:00.000Z""","""2026-05-18T18:30:00.000Z"""
361,31,Core Concepts,,1.0,active,"""2026-05-18T18:30:00.000Z""","""2026-05-18T18:30:00.000Z"""
362,31,Systems,361.0,,active,"""2026-05-18T18:30:00.000Z""","""2026-05-18T18:30:00.000Z"""
363,31,Properties,361.0,,active,"""2026-05-18T18:30:00.000Z""","""2026-05-18T18:30:00.000Z"""
364,31,Balances,,2.0,active,"""2026-05-18T18:30:00.000Z""","""2026-05-18T18:30:00.000Z"""
365,31,Mass Balance,364.0,,active,"""2026-05-18T18:30:00.000Z""","""2026-05-18T18:30:00.000Z"""
366,31,Energy Balance,364.0,,active,"""2026-05-18T18:30:00.000Z""","""2026-05-18T18:30:00.000Z"""
367,31,Processes,,3.0,active,"""2026-05-18T18:30:00.000Z""","""2026-05-18T18:30:00.000Z"""
368,31,Reaction,367.0,,active,"""2026-05-18T18:30:00.000Z""","""2026-05-18T18:30:00.000Z"""
369,31,Separation,367.0,,active,"""2026-05-18T18:30:00.000Z""","""2026-05-18T18:30:00.000Z"""
370,31,Applications,,4.0,active,"""2026-05-18T18:30:00.000Z""","""2026-05-18T18:30:00.000Z"""
371,31,Industrial Equipment,370.0,,active,"""2026-05-18T18:30:00.000Z""","""2026-05-18T18:30:00.000Z"""
372,31,Safety,370.0,,active,"""2026-05-18T18:30:00.000Z""","""2026-05-18T18:30:00.000Z"""
373,32,Core Concepts,,1.0,active,"""2026-05-18T18:30:00.000Z""","""2026-05-18T18:30:00.000Z"""
374,32,Systems,373.0,,active,"""2026-05-18T18:30:00.000Z""","""2026-05-18T18:30:00.000Z"""
375,32,Properties,373.0,,active,"""2026-05-18T18:30:00.000Z""","""2026-05-18T18:30:00.000Z"""
376,32,Balances,,2.0,active,"""2026-05-18T18:30:00.000Z""","""2026-05-18T18:30:00.000Z"""
377,32,Mass Balance,376.0,,active,"""2026-05-18T18:30:00.000Z""","""2026-05-18T18:30:00.000Z"""
378,32,Energy Balance,376.0,,active,"""2026-05-18T18:30:00.000Z""","""2026-05-18T18:30:00.000Z"""
379,32,Processes,,3.0,active,"""2026-05-18T18:30:00.000Z""","""2026-05-18T18:30:00.000Z"""
380,32,Reaction,379.0,,active,"""2026-05-18T18:30:00.000Z""","""2026-05-18T18:30:00.000Z"""
381,32,Separation,379.0,,active,"""2026-05-18T18:30:00.000Z""","""2026-05-18T18:30:00.000Z"""
382,32,Applications,,4.0,active,"""2026-05-18T18:30:00.000Z""","""2026-05-18T18:30:00.000Z"""
383,32,Industrial Equipment,382.0,,active,"""2026-05-18T18:30:00.000Z""","""2026-05-18T18:30:00.000Z"""
384,32,Safety,382.0,,active,"""2026-05-18T18:30:00.000Z""","""2026-05-18T18:30:00.000Z"""
385,33,Forces and Equilibrium,,1.0,active,"""2026-05-18T18:30:00.000Z""","""2026-05-18T18:30:00.000Z"""
386,33,Free Body Diagrams,385.0,,active,"""2026-05-18T18:30:00.000Z""","""2026-05-18T18:30:00.000Z"""
387,33,Moments,385.0,,active,"""2026-05-18T18:30:00.000Z""","""2026-05-18T18:30:00.000Z"""
388,33,Material Behavior,,2.0,active,"""2026-05-18T18:30:00.000Z""","""2026-05-18T18:30:00.000Z"""
389,33,Stress,388.0,,active,"""2026-05-18T18:30:00.000Z""","""2026-05-18T18:30:00.000Z"""
390,33,Strain,388.0,,active,"""2026-05-18T18:30:00.000Z""","""2026-05-18T18:30:00.000Z"""
391,33,Structural Response,,3.0,active,"""2026-05-18T18:30:00.000Z""","""2026-05-18T18:30:00.000Z"""
392,33,Loads,391.0,,active,"""2026-05-18T18:30:00.000Z""","""2026-05-18T18:30:00.000Z"""
393,33,Deflection,391.0,,active,"""2026-05-18T18:30:00.000Z""","""2026-05-18T18:30:00.000Z"""
394,33,Engineering Analysis,,4.0,active,"""2026-05-18T18:30:00.000Z""","""2026-05-18T18:30:00.000Z"""
395,33,Assumptions,394.0,,active,"""2026-05-18T18:30:00.000Z""","""2026-05-18T18:30:00.000Z"""
396,33,Safety Factors,394.0,,active,"""2026-05-18T18:30:00.000Z""","""2026-05-18T18:30:00.000Z"""
397,34,Forces and Equilibrium,,1.0,active,"""2026-05-18T18:30:00.000Z""","""2026-05-18T18:30:00.000Z"""
398,34,Free Body Diagrams,397.0,,active,"""2026-05-18T18:30:00.000Z""","""2026-05-18T18:30:00.000Z"""
399,34,Moments,397.0,,active,"""2026-05-18T18:30:00.000Z""","""2026-05-18T18:30:00.000Z"""
400,34,Material Behavior,,2.0,active,"""2026-05-18T18:30:00.000Z""","""2026-05-18T18:30:00.000Z"""
401,34,Stress,400.0,,active,"""2026-05-18T18:30:00.000Z""","""2026-05-18T18:30:00.000Z"""
402,34,Strain,400.0,,active,"""2026-05-18T18:30:00.000Z""","""2026-05-18T18:30:00.000Z"""
403,34,Structural Response,,3.0,active,"""2026-05-18T18:30:00.000Z""","""2026-05-18T18:30:00.000Z"""
404,34,Loads,403.0,,active,"""2026-05-18T18:30:00.000Z""","""2026-05-18T18:30:00.000Z"""
405,34,Deflection,403.0,,active,"""2026-05-18T18:30:00.000Z""","""2026-05-18T18:30:00.000Z"""
406,34,Engineering Analysis,,4.0,active,"""2026-05-18T18:30:00.000Z""","""2026-05-18T18:30:00.000Z"""
407,34,Assumptions,406.0,,active,"""2026-05-18T18:30:00.000Z""","""2026-05-18T18:30:00.000Z"""
408,34,Safety Factors,406.0,,active,"""2026-05-18T18:30:00.000Z""","""2026-05-18T18:30:00.000Z"""
409,35,Core Concepts,,1.0,active,"""2026-05-18T18:30:00.000Z""","""2026-05-18T18:30:00.000Z"""
410,35,Systems,409.0,,active,"""2026-05-18T18:30:00.000Z""","""2026-05-18T18:30:00.000Z"""
411,35,Properties,409.0,,active,"""2026-05-18T18:30:00.000Z""","""2026-05-18T18:30:00.000Z"""
412,35,Balances,,2.0,active,"""2026-05-18T18:30:00.000Z""","""2026-05-18T18:30:00.000Z"""
413,35,Mass Balance,412.0,,active,"""2026-05-18T18:30:00.000Z""","""2026-05-18T18:30:00.000Z"""
414,35,Energy Balance,412.0,,active,"""2026-05-18T18:30:00.000Z""","""2026-05-18T18:30:00.000Z"""
415,35,Processes,,3.0,active,"""2026-05-18T18:30:00.000Z""","""2026-05-18T18:30:00.000Z"""
416,35,Reaction,415.0,,active,"""2026-05-18T18:30:00.000Z""","""2026-05-18T18:30:00.000Z"""
417,35,Separation,415.0,,active,"""2026-05-18T18:30:00.000Z""","""2026-05-18T18:30:00.000Z"""
418,35,Applications,,4.0,active,"""2026-05-18T18:30:00.000Z""","""2026-05-18T18:30:00.000Z"""
419,35,Industrial Equipment,418.0,,active,"""2026-05-18T18:30:00.000Z""","""2026-05-18T18:30:00.000Z"""
420,35,Safety,418.0,,active,"""2026-05-18T18:30:00.000Z""","""2026-05-18T18:30:00.000Z"""
421,36,Core Concepts,,1.0,active,"""2026-05-18T18:30:00.000Z""","""2026-05-18T18:30:00.000Z"""
422,36,Systems,421.0,,active,"""2026-05-18T18:30:00.000Z""","""2026-05-18T18:30:00.000Z"""
423,36,Properties,421.0,,active,"""2026-05-18T18:30:00.000Z""","""2026-05-18T18:30:00.000Z"""
424,36,Balances,,2.0,active,"""2026-05-18T18:30:00.000Z""","""2026-05-18T18:30:00.000Z"""
425,36,Mass Balance,424.0,,active,"""2026-05-18T18:30:00.000Z""","""2026-05-18T18:30:00.000Z"""
426,36,Energy Balance,424.0,,active,"""2026-05-18T18:30:00.000Z""","""2026-05-18T18:30:00.000Z"""
427,36,Processes,,3.0,active,"""2026-05-18T18:30:00.000Z""","""2026-05-18T18:30:00.000Z"""
428,36,Reaction,427.0,,active,"""2026-05-18T18:30:00.000Z""","""2026-05-18T18:30:00.000Z"""
429,36,Separation,427.0,,active,"""2026-05-18T18:30:00.000Z""","""2026-05-18T18:30:00.000Z"""
430,36,Applications,,4.0,active,"""2026-05-18T18:30:00.000Z""","""2026-05-18T18:30:00.000Z"""
431,36,Industrial Equipment,430.0,,active,"""2026-05-18T18:30:00.000Z""","""2026-05-18T18:30:00.000Z"""
432,36,Safety,430.0,,active,"""2026-05-18T18:30:00.000Z""","""2026-05-18T18:30:00.000Z"""
433,37,Core Concepts,,1.0,active,"""2026-05-18T18:30:00.000Z""","""2026-05-18T18:30:00.000Z"""
434,37,Systems,433.0,,active,"""2026-05-18T18:30:00.000Z""","""2026-05-18T18:30:00.000Z"""
435,37,Properties,433.0,,active,"""2026-05-18T18:30:00.000Z""","""2026-05-18T18:30:00.000Z"""
436,37,Balances,,2.0,active,"""2026-05-18T18:30:00.000Z""","""2026-05-18T18:30:00.000Z"""
437,37,Mass Balance,436.0,,active,"""2026-05-18T18:30:00.000Z""","""2026-05-18T18:30:00.000Z"""
438,37,Energy Balance,436.0,,active,"""2026-05-18T18:30:00.000Z""","""2026-05-18T18:30:00.000Z"""
439,37,Processes,,3.0,active,"""2026-05-18T18:30:00.000Z""","""2026-05-18T18:30:00.000Z"""
440,37,Reaction,439.0,,active,"""2026-05-18T18:30:00.000Z""","""2026-05-18T18:30:00.000Z"""
441,37,Separation,439.0,,active,"""2026-05-18T18:30:00.000Z""","""2026-05-18T18:30:00.000Z"""
442,37,Applications,,4.0,active,"""2026-05-18T18:30:00.000Z""","""2026-05-18T18:30:00.000Z"""
443,37,Industrial Equipment,442.0,,active,"""2026-05-18T18:30:00.000Z""","""2026-05-18T18:30:00.000Z"""
444,37,Safety,442.0,,active,"""2026-05-18T18:30:00.000Z""","""2026-05-18T18:30:00.000Z"""
445,38,Management Concepts,,1.0,active,"""2026-05-18T18:30:00.000Z""","""2026-05-18T18:30:00.000Z"""
446,38,Objectives,445.0,,active,"""2026-05-18T18:30:00.000Z""","""2026-05-18T18:30:00.000Z"""
447,38,Constraints,445.0,,active,"""2026-05-18T18:30:00.000Z""","""2026-05-18T18:30:00.000Z"""
448,38,Decision Models,,2.0,active,"""2026-05-18T18:30:00.000Z""","""2026-05-18T18:30:00.000Z"""
449,38,Variables,448.0,,active,"""2026-05-18T18:30:00.000Z""","""2026-05-18T18:30:00.000Z"""
450,38,Optimization,448.0,,active,"""2026-05-18T18:30:00.000Z""","""2026-05-18T18:30:00.000Z"""
451,38,Process Analysis,,3.0,active,"""2026-05-18T18:30:00.000Z""","""2026-05-18T18:30:00.000Z"""
452,38,Flow,451.0,,active,"""2026-05-18T18:30:00.000Z""","""2026-05-18T18:30:00.000Z"""
453,38,Bottlenecks,451.0,,active,"""2026-05-18T18:30:00.000Z""","""2026-05-18T18:30:00.000Z"""
454,38,Information Support,,4.0,active,"""2026-05-18T18:30:00.000Z""","""2026-05-18T18:30:00.000Z"""
455,38,Data,454.0,,active,"""2026-05-18T18:30:00.000Z""","""2026-05-18T18:30:00.000Z"""
456,38,Reporting,454.0,,active,"""2026-05-18T18:30:00.000Z""","""2026-05-18T18:30:00.000Z"""
457,39,Mathematical Foundations,,1.0,active,"""2026-05-18T18:30:00.000Z""","""2026-05-18T18:30:00.000Z"""
458,39,Notation,457.0,,active,"""2026-05-18T18:30:00.000Z""","""2026-05-18T18:30:00.000Z"""
459,39,Functions,457.0,,active,"""2026-05-18T18:30:00.000Z""","""2026-05-18T18:30:00.000Z"""
460,39,Core Methods,,2.0,active,"""2026-05-18T18:30:00.000Z""","""2026-05-18T18:30:00.000Z"""
461,39,Equations,460.0,,active,"""2026-05-18T18:30:00.000Z""","""2026-05-18T18:30:00.000Z"""
462,39,Transformations,460.0,,active,"""2026-05-18T18:30:00.000Z""","""2026-05-18T18:30:00.000Z"""
463,39,Applications,,3.0,active,"""2026-05-18T18:30:00.000Z""","""2026-05-18T18:30:00.000Z"""
464,39,Modeling,463.0,,active,"""2026-05-18T18:30:00.000Z""","""2026-05-18T18:30:00.000Z"""
465,39,Interpretation,463.0,,active,"""2026-05-18T18:30:00.000Z""","""2026-05-18T18:30:00.000Z"""
466,39,Problem Solving,,4.0,active,"""2026-05-18T18:30:00.000Z""","""2026-05-18T18:30:00.000Z"""
467,39,Proof Steps,466.0,,active,"""2026-05-18T18:30:00.000Z""","""2026-05-18T18:30:00.000Z"""
468,39,Checking Results,466.0,,active,"""2026-05-18T18:30:00.000Z""","""2026-05-18T18:30:00.000Z"""
469,40,Programming Basics,,1.0,active,"""2026-05-18T18:30:00.000Z""","""2026-05-18T18:30:00.000Z"""
470,40,Variables,469.0,,active,"""2026-05-18T18:30:00.000Z""","""2026-05-18T18:30:00.000Z"""
471,40,Control Flow,469.0,,active,"""2026-05-18T18:30:00.000Z""","""2026-05-18T18:30:00.000Z"""
472,40,Functions,,2.0,active,"""2026-05-18T18:30:00.000Z""","""2026-05-18T18:30:00.000Z"""
473,40,Parameters,472.0,,active,"""2026-05-18T18:30:00.000Z""","""2026-05-18T18:30:00.000Z"""
474,40,Return Values,472.0,,active,"""2026-05-18T18:30:00.000Z""","""2026-05-18T18:30:00.000Z"""
475,40,Data Modeling,,3.0,active,"""2026-05-18T18:30:00.000Z""","""2026-05-18T18:30:00.000Z"""
476,40,Classes,475.0,,active,"""2026-05-18T18:30:00.000Z""","""2026-05-18T18:30:00.000Z"""
477,40,Objects,475.0,,active,"""2026-05-18T18:30:00.000Z""","""2026-05-18T18:30:00.000Z"""
478,40,Problem Solving,,4.0,active,"""2026-05-18T18:30:00.000Z""","""2026-05-18T18:30:00.000Z"""
479,40,Algorithms,478.0,,active,"""2026-05-18T18:30:00.000Z""","""2026-05-18T18:30:00.000Z"""
480,40,Debugging,478.0,,active,"""2026-05-18T18:30:00.000Z""","""2026-05-18T18:30:00.000Z"""
481,41,Management Concepts,,1.0,active,"""2026-05-18T18:30:00.000Z""","""2026-05-18T18:30:00.000Z"""
482,41,Objectives,481.0,,active,"""2026-05-18T18:30:00.000Z""","""2026-05-18T18:30:00.000Z"""
483,41,Constraints,481.0,,active,"""2026-05-18T18:30:00.000Z""","""2026-05-18T18:30:00.000Z"""
484,41,Decision Models,,2.0,active,"""2026-05-18T18:30:00.000Z""","""2026-05-18T18:30:00.000Z"""
485,41,Variables,484.0,,active,"""2026-05-18T18:30:00.000Z""","""2026-05-18T18:30:00.000Z"""
486,41,Optimization,484.0,,active,"""2026-05-18T18:30:00.000Z""","""2026-05-18T18:30:00.000Z"""
487,41,Process Analysis,,3.0,active,"""2026-05-18T18:30:00.000Z""","""2026-05-18T18:30:00.000Z"""
488,41,Flow,487.0,,active,"""2026-05-18T18:30:00.000Z""","""2026-05-18T18:30:00.000Z"""
489,41,Bottlenecks,487.0,,active,"""2026-05-18T18:30:00.000Z""","""2026-05-18T18:30:00.000Z"""
490,41,Information Support,,4.0,active,"""2026-05-18T18:30:00.000Z""","""2026-05-18T18:30:00.000Z"""
491,41,Data,490.0,,active,"""2026-05-18T18:30:00.000Z""","""2026-05-18T18:30:00.000Z"""
492,41,Reporting,490.0,,active,"""2026-05-18T18:30:00.000Z""","""2026-05-18T18:30:00.000Z"""
493,42,Management Concepts,,1.0,active,"""2026-05-18T18:30:00.000Z""","""2026-05-18T18:30:00.000Z"""
494,42,Objectives,493.0,,active,"""2026-05-18T18:30:00.000Z""","""2026-05-18T18:30:00.000Z"""
495,42,Constraints,493.0,,active,"""2026-05-18T18:30:00.000Z""","""2026-05-18T18:30:00.000Z"""
496,42,Decision Models,,2.0,active,"""2026-05-18T18:30:00.000Z""","""2026-05-18T18:30:00.000Z"""
497,42,Variables,496.0,,active,"""2026-05-18T18:30:00.000Z""","""2026-05-18T18:30:00.000Z"""
498,42,Optimization,496.0,,active,"""2026-05-18T18:30:00.000Z""","""2026-05-18T18:30:00.000Z"""
499,42,Process Analysis,,3.0,active,"""2026-05-18T18:30:00.000Z""","""2026-05-18T18:30:00.000Z"""
500,42,Flow,499.0,,active,"""2026-05-18T18:30:00.000Z""","""2026-05-18T18:30:00.000Z"""
501,42,Bottlenecks,499.0,,active,"""2026-05-18T18:30:00.000Z""","""2026-05-18T18:30:00.000Z"""
502,42,Information Support,,4.0,active,"""2026-05-18T18:30:00.000Z""","""2026-05-18T18:30:00.000Z"""
503,42,Data,502.0,,active,"""2026-05-18T18:30:00.000Z""","""2026-05-18T18:30:00.000Z"""
504,42,Reporting,502.0,,active,"""2026-05-18T18:30:00.000Z""","""2026-05-18T18:30:00.000Z"""
505,43,Management Concepts,,1.0,active,"""2026-05-18T18:30:00.000Z""","""2026-05-18T18:30:00.000Z"""
506,43,Objectives,505.0,,active,"""2026-05-18T18:30:00.000Z""","""2026-05-18T18:30:00.000Z"""
507,43,Constraints,505.0,,active,"""2026-05-18T18:30:00.000Z""","""2026-05-18T18:30:00.000Z"""
508,43,Decision Models,,2.0,active,"""2026-05-18T18:30:00.000Z""","""2026-05-18T18:30:00.000Z"""
509,43,Variables,508.0,,active,"""2026-05-18T18:30:00.000Z""","""2026-05-18T18:30:00.000Z"""
510,43,Optimization,508.0,,active,"""2026-05-18T18:30:00.000Z""","""2026-05-18T18:30:00.000Z"""
511,43,Process Analysis,,3.0,active,"""2026-05-18T18:30:00.000Z""","""2026-05-18T18:30:00.000Z"""
512,43,Flow,511.0,,active,"""2026-05-18T18:30:00.000Z""","""2026-05-18T18:30:00.000Z"""
513,43,Bottlenecks,511.0,,active,"""2026-05-18T18:30:00.000Z""","""2026-05-18T18:30:00.000Z"""
514,43,Information Support,,4.0,active,"""2026-05-18T18:30:00.000Z""","""2026-05-18T18:30:00.000Z"""
515,43,Data,514.0,,active,"""2026-05-18T18:30:00.000Z""","""2026-05-18T18:30:00.000Z"""
516,43,Reporting,514.0,,active,"""2026-05-18T18:30:00.000Z""","""2026-05-18T18:30:00.000Z"""
517,44,Management Concepts,,1.0,active,"""2026-05-18T18:30:00.000Z""","""2026-05-18T18:30:00.000Z"""
518,44,Objectives,517.0,,active,"""2026-05-18T18:30:00.000Z""","""2026-05-18T18:30:00.000Z"""
519,44,Constraints,517.0,,active,"""2026-05-18T18:30:00.000Z""","""2026-05-18T18:30:00.000Z"""
520,44,Decision Models,,2.0,active,"""2026-05-18T18:30:00.000Z""","""2026-05-18T18:30:00.000Z"""
521,44,Variables,520.0,,active,"""2026-05-18T18:30:00.000Z""","""2026-05-18T18:30:00.000Z"""
522,44,Optimization,520.0,,active,"""2026-05-18T18:30:00.000Z""","""2026-05-18T18:30:00.000Z"""
523,44,Process Analysis,,3.0,active,"""2026-05-18T18:30:00.000Z""","""2026-05-18T18:30:00.000Z"""
524,44,Flow,523.0,,active,"""2026-05-18T18:30:00.000Z""","""2026-05-18T18:30:00.000Z"""
525,44,Bottlenecks,523.0,,active,"""2026-05-18T18:30:00.000Z""","""2026-05-18T18:30:00.000Z"""
526,44,Information Support,,4.0,active,"""2026-05-18T18:30:00.000Z""","""2026-05-18T18:30:00.000Z"""
527,44,Data,526.0,,active,"""2026-05-18T18:30:00.000Z""","""2026-05-18T18:30:00.000Z"""
528,44,Reporting,526.0,,active,"""2026-05-18T18:30:00.000Z""","""2026-05-18T18:30:00.000Z"""
529,45,Programming Basics,,1.0,active,"""2026-05-18T18:30:00.000Z""","""2026-05-18T18:30:00.000Z"""
530,45,Variables,529.0,,active,"""2026-05-18T18:30:00.000Z""","""2026-05-18T18:30:00.000Z"""
531,45,Control Flow,529.0,,active,"""2026-05-18T18:30:00.000Z""","""2026-05-18T18:30:00.000Z"""
532,45,Functions,,2.0,active,"""2026-05-18T18:30:00.000Z""","""2026-05-18T18:30:00.000Z"""
533,45,Parameters,532.0,,active,"""2026-05-18T18:30:00.000Z""","""2026-05-18T18:30:00.000Z"""
534,45,Return Values,532.0,,active,"""2026-05-18T18:30:00.000Z""","""2026-05-18T18:30:00.000Z"""
535,45,Data Modeling,,3.0,active,"""2026-05-18T18:30:00.000Z""","""2026-05-18T18:30:00.000Z"""
536,45,Classes,535.0,,active,"""2026-05-18T18:30:00.000Z""","""2026-05-18T18:30:00.000Z"""
537,45,Objects,535.0,,active,"""2026-05-18T18:30:00.000Z""","""2026-05-18T18:30:00.000Z"""
538,45,Problem Solving,,4.0,active,"""2026-05-18T18:30:00.000Z""","""2026-05-18T18:30:00.000Z"""
539,45,Algorithms,538.0,,active,"""2026-05-18T18:30:00.000Z""","""2026-05-18T18:30:00.000Z"""
540,45,Debugging,538.0,,active,"""2026-05-18T18:30:00.000Z""","""2026-05-18T18:30:00.000Z"""
541,46,System Components,,1.0,active,"""2026-05-18T18:30:00.000Z""","""2026-05-18T18:30:00.000Z"""
542,46,Inputs,541.0,,active,"""2026-05-18T18:30:00.000Z""","""2026-05-18T18:30:00.000Z"""
543,46,Outputs,541.0,,active,"""2026-05-18T18:30:00.000Z""","""2026-05-18T18:30:00.000Z"""
544,46,Signals and Models,,2.0,active,"""2026-05-18T18:30:00.000Z""","""2026-05-18T18:30:00.000Z"""
545,46,Time Domain,544.0,,active,"""2026-05-18T18:30:00.000Z""","""2026-05-18T18:30:00.000Z"""
546,46,Frequency Domain,544.0,,active,"""2026-05-18T18:30:00.000Z""","""2026-05-18T18:30:00.000Z"""
547,46,Circuits and Devices,,3.0,active,"""2026-05-18T18:30:00.000Z""","""2026-05-18T18:30:00.000Z"""
548,46,Components,547.0,,active,"""2026-05-18T18:30:00.000Z""","""2026-05-18T18:30:00.000Z"""
549,46,Behavior,547.0,,active,"""2026-05-18T18:30:00.000Z""","""2026-05-18T18:30:00.000Z"""
550,46,Control and Implementation,,4.0,active,"""2026-05-18T18:30:00.000Z""","""2026-05-18T18:30:00.000Z"""
551,46,Feedback,550.0,,active,"""2026-05-18T18:30:00.000Z""","""2026-05-18T18:30:00.000Z"""
552,46,Testing,550.0,,active,"""2026-05-18T18:30:00.000Z""","""2026-05-18T18:30:00.000Z"""
553,47,Programming Basics,,1.0,active,"""2026-05-18T18:30:00.000Z""","""2026-05-18T18:30:00.000Z"""
554,47,Variables,553.0,,active,"""2026-05-18T18:30:00.000Z""","""2026-05-18T18:30:00.000Z"""
555,47,Control Flow,553.0,,active,"""2026-05-18T18:30:00.000Z""","""2026-05-18T18:30:00.000Z"""
556,47,Functions,,2.0,active,"""2026-05-18T18:30:00.000Z""","""2026-05-18T18:30:00.000Z"""
557,47,Parameters,556.0,,active,"""2026-05-18T18:30:00.000Z""","""2026-05-18T18:30:00.000Z"""
558,47,Return Values,556.0,,active,"""2026-05-18T18:30:00.000Z""","""2026-05-18T18:30:00.000Z"""
559,47,Data Modeling,,3.0,active,"""2026-05-18T18:30:00.000Z""","""2026-05-18T18:30:00.000Z"""
560,47,Classes,559.0,,active,"""2026-05-18T18:30:00.000Z""","""2026-05-18T18:30:00.000Z"""
561,47,Objects,559.0,,active,"""2026-05-18T18:30:00.000Z""","""2026-05-18T18:30:00.000Z"""
562,47,Problem Solving,,4.0,active,"""2026-05-18T18:30:00.000Z""","""2026-05-18T18:30:00.000Z"""
563,47,Algorithms,562.0,,active,"""2026-05-18T18:30:00.000Z""","""2026-05-18T18:30:00.000Z"""
564,47,Debugging,562.0,,active,"""2026-05-18T18:30:00.000Z""","""2026-05-18T18:30:00.000Z"""
565,48,System Components,,1.0,active,"""2026-05-18T18:30:00.000Z""","""2026-05-18T18:30:00.000Z"""
566,48,Inputs,565.0,,active,"""2026-05-18T18:30:00.000Z""","""2026-05-18T18:30:00.000Z"""
567,48,Outputs,565.0,,active,"""2026-05-18T18:30:00.000Z""","""2026-05-18T18:30:00.000Z"""
568,48,Signals and Models,,2.0,active,"""2026-05-18T18:30:00.000Z""","""2026-05-18T18:30:00.000Z"""
569,48,Time Domain,568.0,,active,"""2026-05-18T18:30:00.000Z""","""2026-05-18T18:30:00.000Z"""
570,48,Frequency Domain,568.0,,active,"""2026-05-18T18:30:00.000Z""","""2026-05-18T18:30:00.000Z"""
571,48,Circuits and Devices,,3.0,active,"""2026-05-18T18:30:00.000Z""","""2026-05-18T18:30:00.000Z"""
572,48,Components,571.0,,active,"""2026-05-18T18:30:00.000Z""","""2026-05-18T18:30:00.000Z"""
573,48,Behavior,571.0,,active,"""2026-05-18T18:30:00.000Z""","""2026-05-18T18:30:00.000Z"""
574,48,Control and Implementation,,4.0,active,"""2026-05-18T18:30:00.000Z""","""2026-05-18T18:30:00.000Z"""
575,48,Feedback,574.0,,active,"""2026-05-18T18:30:00.000Z""","""2026-05-18T18:30:00.000Z"""
576,48,Testing,574.0,,active,"""2026-05-18T18:30:00.000Z""","""2026-05-18T18:30:00.000Z"""
577,49,System Components,,1.0,active,"""2026-05-18T18:30:00.000Z""","""2026-05-18T18:30:00.000Z"""
578,49,Inputs,577.0,,active,"""2026-05-18T18:30:00.000Z""","""2026-05-18T18:30:00.000Z"""
579,49,Outputs,577.0,,active,"""2026-05-18T18:30:00.000Z""","""2026-05-18T18:30:00.000Z"""
580,49,Signals and Models,,2.0,active,"""2026-05-18T18:30:00.000Z""","""2026-05-18T18:30:00.000Z"""
581,49,Time Domain,580.0,,active,"""2026-05-18T18:30:00.000Z""","""2026-05-18T18:30:00.000Z"""
582,49,Frequency Domain,580.0,,active,"""2026-05-18T18:30:00.000Z""","""2026-05-18T18:30:00.000Z"""
583,49,Circuits and Devices,,3.0,active,"""2026-05-18T18:30:00.000Z""","""2026-05-18T18:30:00.000Z"""
584,49,Components,583.0,,active,"""2026-05-18T18:30:00.000Z""","""2026-05-18T18:30:00.000Z"""
585,49,Behavior,583.0,,active,"""2026-05-18T18:30:00.000Z""","""2026-05-18T18:30:00.000Z"""
586,49,Control and Implementation,,4.0,active,"""2026-05-18T18:30:00.000Z""","""2026-05-18T18:30:00.000Z"""
587,49,Feedback,586.0,,active,"""2026-05-18T18:30:00.000Z""","""2026-05-18T18:30:00.000Z"""
588,49,Testing,586.0,,active,"""2026-05-18T18:30:00.000Z""","""2026-05-18T18:30:00.000Z"""
589,50,System Components,,1.0,active,"""2026-05-18T18:30:00.000Z""","""2026-05-18T18:30:00.000Z"""
590,50,Inputs,589.0,,active,"""2026-05-18T18:30:00.000Z""","""2026-05-18T18:30:00.000Z"""
591,50,Outputs,589.0,,active,"""2026-05-18T18:30:00.000Z""","""2026-05-18T18:30:00.000Z"""
592,50,Signals and Models,,2.0,active,"""2026-05-18T18:30:00.000Z""","""2026-05-18T18:30:00.000Z"""
593,50,Time Domain,592.0,,active,"""2026-05-18T18:30:00.000Z""","""2026-05-18T18:30:00.000Z"""
594,50,Frequency Domain,592.0,,active,"""2026-05-18T18:30:00.000Z""","""2026-05-18T18:30:00.000Z"""
595,50,Circuits and Devices,,3.0,active,"""2026-05-18T18:30:00.000Z""","""2026-05-18T18:30:00.000Z"""
596,50,Components,595.0,,active,"""2026-05-18T18:30:00.000Z""","""2026-05-18T18:30:00.000Z"""
597,50,Behavior,595.0,,active,"""2026-05-18T18:30:00.000Z""","""2026-05-18T18:30:00.000Z"""
598,50,Control and Implementation,,4.0,active,"""2026-05-18T18:30:00.000Z""","""2026-05-18T18:30:00.000Z"""
599,50,Feedback,598.0,,active,"""2026-05-18T18:30:00.000Z""","""2026-05-18T18:30:00.000Z"""
600,50,Testing,598.0,,active,"""2026-05-18T18:30:00.000Z""","""2026-05-18T18:30:00.000Z"""
601,51,System Components,,1.0,active,"""2026-05-18T18:30:00.000Z""","""2026-05-18T18:30:00.000Z"""
602,51,Inputs,601.0,,active,"""2026-05-18T18:30:00.000Z""","""2026-05-18T18:30:00.000Z"""
603,51,Outputs,601.0,,active,"""2026-05-18T18:30:00.000Z""","""2026-05-18T18:30:00.000Z"""
604,51,Signals and Models,,2.0,active,"""2026-05-18T18:30:00.000Z""","""2026-05-18T18:30:00.000Z"""
605,51,Time Domain,604.0,,active,"""2026-05-18T18:30:00.000Z""","""2026-05-18T18:30:00.000Z"""
606,51,Frequency Domain,604.0,,active,"""2026-05-18T18:30:00.000Z""","""2026-05-18T18:30:00.000Z"""
607,51,Circuits and Devices,,3.0,active,"""2026-05-18T18:30:00.000Z""","""2026-05-18T18:30:00.000Z"""
608,51,Components,607.0,,active,"""2026-05-18T18:30:00.000Z""","""2026-05-18T18:30:00.000Z"""
609,51,Behavior,607.0,,active,"""2026-05-18T18:30:00.000Z""","""2026-05-18T18:30:00.000Z"""
610,51,Control and Implementation,,4.0,active,"""2026-05-18T18:30:00.000Z""","""2026-05-18T18:30:00.000Z"""
611,51,Feedback,610.0,,active,"""2026-05-18T18:30:00.000Z""","""2026-05-18T18:30:00.000Z"""
612,51,Testing,610.0,,active,"""2026-05-18T18:30:00.000Z""","""2026-05-18T18:30:00.000Z"""
613,52,System Components,,1.0,active,"""2026-05-18T18:30:00.000Z""","""2026-05-18T18:30:00.000Z"""
614,52,Inputs,613.0,,active,"""2026-05-18T18:30:00.000Z""","""2026-05-18T18:30:00.000Z"""
615,52,Outputs,613.0,,active,"""2026-05-18T18:30:00.000Z""","""2026-05-18T18:30:00.000Z"""
616,52,Signals and Models,,2.0,active,"""2026-05-18T18:30:00.000Z""","""2026-05-18T18:30:00.000Z"""
617,52,Time Domain,616.0,,active,"""2026-05-18T18:30:00.000Z""","""2026-05-18T18:30:00.000Z"""
618,52,Frequency Domain,616.0,,active,"""2026-05-18T18:30:00.000Z""","""2026-05-18T18:30:00.000Z"""
619,52,Circuits and Devices,,3.0,active,"""2026-05-18T18:30:00.000Z""","""2026-05-18T18:30:00.000Z"""
620,52,Components,619.0,,active,"""2026-05-18T18:30:00.000Z""","""2026-05-18T18:30:00.000Z"""
621,52,Behavior,619.0,,active,"""2026-05-18T18:30:00.000Z""","""2026-05-18T18:30:00.000Z"""
622,52,Control and Implementation,,4.0,active,"""2026-05-18T18:30:00.000Z""","""2026-05-18T18:30:00.000Z"""
623,52,Feedback,622.0,,active,"""2026-05-18T18:30:00.000Z""","""2026-05-18T18:30:00.000Z"""
624,52,Testing,622.0,,active,"""2026-05-18T18:30:00.000Z""","""2026-05-18T18:30:00.000Z"""
625,53,Network Layer,,1.0,active,"""2026-05-18T18:30:00.000Z""","""2026-05-18T18:30:00.000Z"""
626,53,IP Addressing,625.0,,active,"""2026-05-18T18:30:00.000Z""","""2026-05-18T18:30:00.000Z"""
627,53,Routing Basics,625.0,,active,"""2026-05-18T18:30:00.000Z""","""2026-05-18T18:30:00.000Z"""
628,53,Transport and Services,,2.0,active,"""2026-05-18T18:30:00.000Z""","""2026-05-18T18:30:00.000Z"""
629,53,Protocols,628.0,,active,"""2026-05-18T18:30:00.000Z""","""2026-05-18T18:30:00.000Z"""
630,53,Reliability,628.0,,active,"""2026-05-18T18:30:00.000Z""","""2026-05-18T18:30:00.000Z"""
631,53,Routing Protocols,,3.0,active,"""2026-05-18T18:30:00.000Z""","""2026-05-18T18:30:00.000Z"""
632,53,RIP and OSPF,631.0,,active,"""2026-05-18T18:30:00.000Z""","""2026-05-18T18:30:00.000Z"""
633,53,BGP Concepts,631.0,,active,"""2026-05-18T18:30:00.000Z""","""2026-05-18T18:30:00.000Z"""
634,53,Link Layer,,4.0,active,"""2026-05-18T18:30:00.000Z""","""2026-05-18T18:30:00.000Z"""
635,53,Framing,634.0,,active,"""2026-05-18T18:30:00.000Z""","""2026-05-18T18:30:00.000Z"""
636,53,Error Detection,634.0,,active,"""2026-05-18T18:30:00.000Z""","""2026-05-18T18:30:00.000Z"""
637,54,Integration Techniques,,1.0,active,"""2026-05-18T20:15:00.000Z""","""2026-05-18T20:15:00.000Z"""
638,54,Substitution,637.0,0.5,active,"""2026-05-18T20:15:00.000Z""","""2026-05-18T20:15:00.000Z"""
639,54,Integration by Parts,637.0,0.5,active,"""2026-05-18T20:15:00.000Z""","""2026-05-18T20:15:00.000Z"""
640,54,Sequences and Series,,1.0,active,"""2026-05-18T20:15:00.000Z""","""2026-05-18T20:15:00.000Z"""
641,54,Convergence Tests,640.0,0.5,active,"""2026-05-18T20:15:00.000Z""","""2026-05-18T20:15:00.000Z"""
642,54,Power Series,640.0,0.5,active,"""2026-05-18T20:15:00.000Z""","""2026-05-18T20:15:00.000Z"""
643,54,Multivariable Functions,,1.0,active,"""2026-05-18T20:15:00.000Z""","""2026-05-18T20:15:00.000Z"""
644,54,Partial Derivatives,643.0,0.5,active,"""2026-05-18T20:15:00.000Z""","""2026-05-18T20:15:00.000Z"""
645,54,Multiple Integrals,643.0,0.5,active,"""2026-05-18T20:15:00.000Z""","""2026-05-18T20:15:00.000Z"""
646,54,Applications of Integration,,1.0,active,"""2026-05-18T20:15:00.000Z""","""2026-05-18T20:15:00.000Z"""
647,54,Area and Volume,646.0,0.5,active,"""2026-05-18T20:15:00.000Z""","""2026-05-18T20:15:00.000Z"""
648,54,Physical Applications,646.0,0.5,active,"""2026-05-18T20:15:00.000Z""","""2026-05-18T20:15:00.000Z"""
649,55,First Order Equations,,1.0,active,"""2026-05-18T20:15:00.000Z""","""2026-05-18T20:15:00.000Z"""
650,55,Separable Equations,649.0,0.5,active,"""2026-05-18T20:15:00.000Z""","""2026-05-18T20:15:00.000Z"""
651,55,Linear Equations,649.0,0.5,active,"""2026-05-18T20:15:00.000Z""","""2026-05-18T20:15:00.000Z"""
652,55,Second Order Equations,,1.0,active,"""2026-05-18T20:15:00.000Z""","""2026-05-18T20:15:00.000Z"""
653,55,Homogeneous Equations,652.0,0.5,active,"""2026-05-18T20:15:00.000Z""","""2026-05-18T20:15:00.000Z"""
654,55,Nonhomogeneous Equations,652.0,0.5,active,"""2026-05-18T20:15:00.000Z""","""2026-05-18T20:15:00.000Z"""
655,55,Laplace Transform,,1.0,active,"""2026-05-18T20:15:00.000Z""","""2026-05-18T20:15:00.000Z"""
656,55,Transform Rules,655.0,0.5,active,"""2026-05-18T20:15:00.000Z""","""2026-05-18T20:15:00.000Z"""
657,55,Solving IVPs,655.0,0.5,active,"""2026-05-18T20:15:00.000Z""","""2026-05-18T20:15:00.000Z"""
658,55,Systems and Applications,,1.0,active,"""2026-05-18T20:15:00.000Z""","""2026-05-18T20:15:00.000Z"""
659,55,Stability,658.0,0.5,active,"""2026-05-18T20:15:00.000Z""","""2026-05-18T20:15:00.000Z"""
660,55,Modeling Problems,658.0,0.5,active,"""2026-05-18T20:15:00.000Z""","""2026-05-18T20:15:00.000Z"""
661,56,Kinematics,,1.0,active,"""2026-05-18T20:15:00.000Z""","""2026-05-18T20:15:00.000Z"""
662,56,Motion in One Dimension,661.0,0.5,active,"""2026-05-18T20:15:00.000Z""","""2026-05-18T20:15:00.000Z"""
663,56,Projectile Motion,661.0,0.5,active,"""2026-05-18T20:15:00.000Z""","""2026-05-18T20:15:00.000Z"""
664,56,Newtonian Mechanics,,1.0,active,"""2026-05-18T20:15:00.000Z""","""2026-05-18T20:15:00.000Z"""
665,56,Forces,664.0,0.5,active,"""2026-05-18T20:15:00.000Z""","""2026-05-18T20:15:00.000Z"""
666,56,Free Body Diagrams,664.0,0.5,active,"""2026-05-18T20:15:00.000Z""","""2026-05-18T20:15:00.000Z"""
667,56,Work and Energy,,1.0,active,"""2026-05-18T20:15:00.000Z""","""2026-05-18T20:15:00.000Z"""
668,56,Kinetic Energy,667.0,0.5,active,"""2026-05-18T20:15:00.000Z""","""2026-05-18T20:15:00.000Z"""
669,56,Conservation of Energy,667.0,0.5,active,"""2026-05-18T20:15:00.000Z""","""2026-05-18T20:15:00.000Z"""
670,56,Momentum and Rotation,,1.0,active,"""2026-05-18T20:15:00.000Z""","""2026-05-18T20:15:00.000Z"""
671,56,Linear Momentum,670.0,0.5,active,"""2026-05-18T20:15:00.000Z""","""2026-05-18T20:15:00.000Z"""
672,56,Torque,670.0,0.5,active,"""2026-05-18T20:15:00.000Z""","""2026-05-18T20:15:00.000Z"""
673,57,Measurement and Uncertainty,,1.0,active,"""2026-05-18T20:15:00.000Z""","""2026-05-18T20:15:00.000Z"""
674,57,Units and Calibration,673.0,0.5,active,"""2026-05-18T20:15:00.000Z""","""2026-05-18T20:15:00.000Z"""
675,57,Error Analysis,673.0,0.5,active,"""2026-05-18T20:15:00.000Z""","""2026-05-18T20:15:00.000Z"""
676,57,Motion Experiments,,1.0,active,"""2026-05-18T20:15:00.000Z""","""2026-05-18T20:15:00.000Z"""
677,57,Data Collection,676.0,0.5,active,"""2026-05-18T20:15:00.000Z""","""2026-05-18T20:15:00.000Z"""
678,57,Graph Interpretation,676.0,0.5,active,"""2026-05-18T20:15:00.000Z""","""2026-05-18T20:15:00.000Z"""
679,57,Force Experiments,,1.0,active,"""2026-05-18T20:15:00.000Z""","""2026-05-18T20:15:00.000Z"""
680,57,Spring Force,679.0,0.5,active,"""2026-05-18T20:15:00.000Z""","""2026-05-18T20:15:00.000Z"""
681,57,Friction,679.0,0.5,active,"""2026-05-18T20:15:00.000Z""","""2026-05-18T20:15:00.000Z"""
682,57,Energy Experiments,,1.0,active,"""2026-05-18T20:15:00.000Z""","""2026-05-18T20:15:00.000Z"""
683,57,Energy Conservation,682.0,0.5,active,"""2026-05-18T20:15:00.000Z""","""2026-05-18T20:15:00.000Z"""
684,57,Lab Reports,682.0,0.5,active,"""2026-05-18T20:15:00.000Z""","""2026-05-18T20:15:00.000Z"""
685,58,Electric Fields,,1.0,active,"""2026-05-18T20:15:00.000Z""","""2026-05-18T20:15:00.000Z"""
686,58,Coulomb Law,685.0,0.5,active,"""2026-05-18T20:15:00.000Z""","""2026-05-18T20:15:00.000Z"""
687,58,Electric Potential,685.0,0.5,active,"""2026-05-18T20:15:00.000Z""","""2026-05-18T20:15:00.000Z"""
688,58,Circuits,,1.0,active,"""2026-05-18T20:15:00.000Z""","""2026-05-18T20:15:00.000Z"""
689,58,Ohm Law,688.0,0.5,active,"""2026-05-18T20:15:00.000Z""","""2026-05-18T20:15:00.000Z"""
690,58,RC Circuits,688.0,0.5,active,"""2026-05-18T20:15:00.000Z""","""2026-05-18T20:15:00.000Z"""
691,58,Magnetism,,1.0,active,"""2026-05-18T20:15:00.000Z""","""2026-05-18T20:15:00.000Z"""
692,58,Magnetic Force,691.0,0.5,active,"""2026-05-18T20:15:00.000Z""","""2026-05-18T20:15:00.000Z"""
693,58,Induction,691.0,0.5,active,"""2026-05-18T20:15:00.000Z""","""2026-05-18T20:15:00.000Z"""
694,58,Waves and Optics,,1.0,active,"""2026-05-18T20:15:00.000Z""","""2026-05-18T20:15:00.000Z"""
695,58,Wave Properties,694.0,0.5,active,"""2026-05-18T20:15:00.000Z""","""2026-05-18T20:15:00.000Z"""
696,58,Interference,694.0,0.5,active,"""2026-05-18T20:15:00.000Z""","""2026-05-18T20:15:00.000Z"""
697,59,Electrical Measurement,,1.0,active,"""2026-05-18T20:15:00.000Z""","""2026-05-18T20:15:00.000Z"""
698,59,Voltage and Current,697.0,0.5,active,"""2026-05-18T20:15:00.000Z""","""2026-05-18T20:15:00.000Z"""
699,59,Instrument Accuracy,697.0,0.5,active,"""2026-05-18T20:15:00.000Z""","""2026-05-18T20:15:00.000Z"""
700,59,Circuit Experiments,,1.0,active,"""2026-05-18T20:15:00.000Z""","""2026-05-18T20:15:00.000Z"""
701,59,Series Circuits,700.0,0.5,active,"""2026-05-18T20:15:00.000Z""","""2026-05-18T20:15:00.000Z"""
702,59,Parallel Circuits,700.0,0.5,active,"""2026-05-18T20:15:00.000Z""","""2026-05-18T20:15:00.000Z"""
703,59,Magnetic Experiments,,1.0,active,"""2026-05-18T20:15:00.000Z""","""2026-05-18T20:15:00.000Z"""
704,59,Magnetic Field Mapping,703.0,0.5,active,"""2026-05-18T20:15:00.000Z""","""2026-05-18T20:15:00.000Z"""
705,59,Induction Measurements,703.0,0.5,active,"""2026-05-18T20:15:00.000Z""","""2026-05-18T20:15:00.000Z"""
706,59,Optics Experiments,,1.0,active,"""2026-05-18T20:15:00.000Z""","""2026-05-18T20:15:00.000Z"""
707,59,Lens Measurements,706.0,0.5,active,"""2026-05-18T20:15:00.000Z""","""2026-05-18T20:15:00.000Z"""
708,59,Interference Patterns,706.0,0.5,active,"""2026-05-18T20:15:00.000Z""","""2026-05-18T20:15:00.000Z"""
709,60,Probability Basics,,1.0,active,"""2026-05-18T20:15:00.000Z""","""2026-05-18T20:15:00.000Z"""
710,60,Sample Spaces,709.0,0.5,active,"""2026-05-18T20:15:00.000Z""","""2026-05-18T20:15:00.000Z"""
711,60,Conditional Probability,709.0,0.5,active,"""2026-05-18T20:15:00.000Z""","""2026-05-18T20:15:00.000Z"""
712,60,Random Variables,,1.0,active,"""2026-05-18T20:15:00.000Z""","""2026-05-18T20:15:00.000Z"""
713,60,Discrete Variables,712.0,0.5,active,"""2026-05-18T20:15:00.000Z""","""2026-05-18T20:15:00.000Z"""
714,60,Continuous Variables,712.0,0.5,active,"""2026-05-18T20:15:00.000Z""","""2026-05-18T20:15:00.000Z"""
715,60,Distributions,,1.0,active,"""2026-05-18T20:15:00.000Z""","""2026-05-18T20:15:00.000Z"""
716,60,Binomial Distribution,715.0,0.5,active,"""2026-05-18T20:15:00.000Z""","""2026-05-18T20:15:00.000Z"""
717,60,Normal Distribution,715.0,0.5,active,"""2026-05-18T20:15:00.000Z""","""2026-05-18T20:15:00.000Z"""
718,60,Statistical Inference,,1.0,active,"""2026-05-18T20:15:00.000Z""","""2026-05-18T20:15:00.000Z"""
719,60,Confidence Intervals,718.0,0.5,active,"""2026-05-18T20:15:00.000Z""","""2026-05-18T20:15:00.000Z"""
720,60,Hypothesis Testing,718.0,0.5,active,"""2026-05-18T20:15:00.000Z""","""2026-05-18T20:15:00.000Z"""
721,61,Atomic Structure,,1.0,active,"""2026-05-18T20:15:00.000Z""","""2026-05-18T20:15:00.000Z"""
722,61,Atoms and Isotopes,721.0,0.5,active,"""2026-05-18T20:15:00.000Z""","""2026-05-18T20:15:00.000Z"""
723,61,Electron Configuration,721.0,0.5,active,"""2026-05-18T20:15:00.000Z""","""2026-05-18T20:15:00.000Z"""
724,61,Chemical Bonding,,1.0,active,"""2026-05-18T20:15:00.000Z""","""2026-05-18T20:15:00.000Z"""
725,61,Ionic Bonds,724.0,0.5,active,"""2026-05-18T20:15:00.000Z""","""2026-05-18T20:15:00.000Z"""
726,61,Covalent Bonds,724.0,0.5,active,"""2026-05-18T20:15:00.000Z""","""2026-05-18T20:15:00.000Z"""
727,61,Stoichiometry,,1.0,active,"""2026-05-18T20:15:00.000Z""","""2026-05-18T20:15:00.000Z"""
728,61,Moles,727.0,0.5,active,"""2026-05-18T20:15:00.000Z""","""2026-05-18T20:15:00.000Z"""
729,61,Balanced Equations,727.0,0.5,active,"""2026-05-18T20:15:00.000Z""","""2026-05-18T20:15:00.000Z"""
730,61,Solutions and Reactions,,1.0,active,"""2026-05-18T20:15:00.000Z""","""2026-05-18T20:15:00.000Z"""
731,61,Concentration,730.0,0.5,active,"""2026-05-18T20:15:00.000Z""","""2026-05-18T20:15:00.000Z"""
732,61,Acid Base Reactions,730.0,0.5,active,"""2026-05-18T20:15:00.000Z""","""2026-05-18T20:15:00.000Z"""
733,62,Material Properties,,1.0,active,"""2026-05-18T20:15:00.000Z""","""2026-05-18T20:15:00.000Z"""
734,62,Mechanical Properties,733.0,0.5,active,"""2026-05-18T20:15:00.000Z""","""2026-05-18T20:15:00.000Z"""
735,62,Thermal Properties,733.0,0.5,active,"""2026-05-18T20:15:00.000Z""","""2026-05-18T20:15:00.000Z"""
736,62,Metals and Alloys,,1.0,active,"""2026-05-18T20:15:00.000Z""","""2026-05-18T20:15:00.000Z"""
737,62,Crystal Structure,736.0,0.5,active,"""2026-05-18T20:15:00.000Z""","""2026-05-18T20:15:00.000Z"""
738,62,Phase Diagrams,736.0,0.5,active,"""2026-05-18T20:15:00.000Z""","""2026-05-18T20:15:00.000Z"""
739,62,Polymers and Ceramics,,1.0,active,"""2026-05-18T20:15:00.000Z""","""2026-05-18T20:15:00.000Z"""
740,62,Polymer Structure,739.0,0.5,active,"""2026-05-18T20:15:00.000Z""","""2026-05-18T20:15:00.000Z"""
741,62,Ceramic Materials,739.0,0.5,active,"""2026-05-18T20:15:00.000Z""","""2026-05-18T20:15:00.000Z"""
742,62,Material Selection,,1.0,active,"""2026-05-18T20:15:00.000Z""","""2026-05-18T20:15:00.000Z"""
743,62,Failure Modes,742.0,0.5,active,"""2026-05-18T20:15:00.000Z""","""2026-05-18T20:15:00.000Z"""
744,62,Engineering Applications,742.0,0.5,active,"""2026-05-18T20:15:00.000Z""","""2026-05-18T20:15:00.000Z"""
745,63,Technical Drawing,,1.0,active,"""2026-05-18T20:15:00.000Z""","""2026-05-18T20:15:00.000Z"""
746,63,Projection Methods,745.0,0.5,active,"""2026-05-18T20:15:00.000Z""","""2026-05-18T20:15:00.000Z"""
747,63,Dimensioning,745.0,0.5,active,"""2026-05-18T20:15:00.000Z""","""2026-05-18T20:15:00.000Z"""
748,63,CAD Basics,,1.0,active,"""2026-05-18T20:15:00.000Z""","""2026-05-18T20:15:00.000Z"""
749,63,Sketching Tools,748.0,0.5,active,"""2026-05-18T20:15:00.000Z""","""2026-05-18T20:15:00.000Z"""
750,63,Constraints,748.0,0.5,active,"""2026-05-18T20:15:00.000Z""","""2026-05-18T20:15:00.000Z"""
751,63,3D Modeling,,1.0,active,"""2026-05-18T20:15:00.000Z""","""2026-05-18T20:15:00.000Z"""
752,63,Extrusion,751.0,0.5,active,"""2026-05-18T20:15:00.000Z""","""2026-05-18T20:15:00.000Z"""
753,63,Assemblies,751.0,0.5,active,"""2026-05-18T20:15:00.000Z""","""2026-05-18T20:15:00.000Z"""
754,63,Engineering Documentation,,1.0,active,"""2026-05-18T20:15:00.000Z""","""2026-05-18T20:15:00.000Z"""
755,63,Drawing Standards,754.0,0.5,active,"""2026-05-18T20:15:00.000Z""","""2026-05-18T20:15:00.000Z"""
756,63,Bill of Materials,754.0,0.5,active,"""2026-05-18T20:15:00.000Z""","""2026-05-18T20:15:00.000Z"""
757,64,Error Analysis,,1.0,active,"""2026-05-18T20:15:00.000Z""","""2026-05-18T20:15:00.000Z"""
758,64,Rounding Error,757.0,0.5,active,"""2026-05-18T20:15:00.000Z""","""2026-05-18T20:15:00.000Z"""
759,64,Truncation Error,757.0,0.5,active,"""2026-05-18T20:15:00.000Z""","""2026-05-18T20:15:00.000Z"""
760,64,Root Finding,,1.0,active,"""2026-05-18T20:15:00.000Z""","""2026-05-18T20:15:00.000Z"""
761,64,Bisection Method,760.0,0.5,active,"""2026-05-18T20:15:00.000Z""","""2026-05-18T20:15:00.000Z"""
762,64,Newton Method,760.0,0.5,active,"""2026-05-18T20:15:00.000Z""","""2026-05-18T20:15:00.000Z"""
763,64,Linear Systems,,1.0,active,"""2026-05-18T20:15:00.000Z""","""2026-05-18T20:15:00.000Z"""
764,64,Gaussian Elimination,763.0,0.5,active,"""2026-05-18T20:15:00.000Z""","""2026-05-18T20:15:00.000Z"""
765,64,Iterative Methods,763.0,0.5,active,"""2026-05-18T20:15:00.000Z""","""2026-05-18T20:15:00.000Z"""
766,64,Interpolation and Integration,,1.0,active,"""2026-05-18T20:15:00.000Z""","""2026-05-18T20:15:00.000Z"""
767,64,Polynomial Interpolation,766.0,0.5,active,"""2026-05-18T20:15:00.000Z""","""2026-05-18T20:15:00.000Z"""
768,64,Numerical Integration,766.0,0.5,active,"""2026-05-18T20:15:00.000Z""","""2026-05-18T20:15:00.000Z"""
