id,full_name,email,password_hash,role,account_status,created_at,updated_at,profile_image_url,program_id,current_study_year,current_semester,must_change_password
1,Sam Fisher,student@eps.com,$2b$10$1EbZYKGJ50RJqXaDIhXSHeeU.avGvRXajL/a0YFOl8.bYMBMtgLSC,student,active,"""2026-05-18T15:23:50.304Z""","""2026-05-18T15:23:50.304Z""",,1.0,First,A,False
2,Dr. Liat Levi,lecturer@eps.com,$2b$10$1EbZYKGJ50RJqXaDIhXSHeeU.avGvRXajL/a0YFOl8.bYMBMtgLSC,lecturer,active,"""2026-05-18T15:23:50.304Z""","""2026-05-18T15:23:50.304Z""",,,,,False
3,Alex Adam,admin@eps.com,$2b$10$1EbZYKGJ50RJqXaDIhXSHeeU.avGvRXajL/a0YFOl8.bYMBMtgLSC,admin,active,"""2026-05-18T15:23:50.304Z""","""2026-05-18T15:23:50.304Z""",,,,,False
4,Noa Cohen,noa.cohen@ac.sce.ac.il,$2b$10$1EbZYKGJ50RJqXaDIhXSHeeU.avGvRXajL/a0YFOl8.bYMBMtgLSC,student,active,"""2026-05-18T15:23:50.304Z""","""2026-05-18T15:23:50.304Z""",,1.0,First,B,False
5,Daniel Mizrahi,daniel.mizrahi@ac.sce.ac.il,$2b$10$1EbZYKGJ50RJqXaDIhXSHeeU.avGvRXajL/a0YFOl8.bYMBMtgLSC,student,active,"""2026-05-18T15:23:50.304Z""","""2026-05-18T15:23:50.304Z""",,1.0,Second,A,False
6,Maya Levi,maya.levi@ac.sce.ac.il,$2b$10$1EbZYKGJ50RJqXaDIhXSHeeU.avGvRXajL/a0YFOl8.bYMBMtgLSC,student,active,"""2026-05-18T15:23:50.304Z""","""2026-05-18T15:23:50.304Z""",,1.0,Second,B,False
7,Dr. Amir Barak,amir.barak@sce.ac.il,$2b$10$1EbZYKGJ50RJqXaDIhXSHeeU.avGvRXajL/a0YFOl8.bYMBMtgLSC,lecturer,active,"""2026-05-18T15:23:50.304Z""","""2026-05-18T15:23:50.304Z""",,,,,True
10,Sivan Sanvetu,sivan.sanvetu@ac.sce.ac.il,$2b$10$tiI0aB1JUFDYXTQowuoMluLErMYeou9qZEyZmyV9XQYicqVWMNAAG,student,active,"""2026-05-18T18:42:47.179Z""","""2026-05-18T18:43:08.693Z""",,1.0,Third,A,False
11,Dr. Dana Cohen,dana.cohen@sce.ac.il,$2b$10$1EbZYKGJ50RJqXaDIhXSHeeU.avGvRXajL/a0YFOl8.bYMBMtgLSC,lecturer,active,"""2026-05-18T18:30:00.000Z""","""2026-05-18T18:30:00.000Z""",,,,,True
12,Tal Ben-Ami,tal.benami@ac.sce.ac.il,$2b$10$1EbZYKGJ50RJqXaDIhXSHeeU.avGvRXajL/a0YFOl8.bYMBMtgLSC,student,active,"""2026-05-18T18:30:00.000Z""","""2026-05-18T18:30:00.000Z""",,2.0,First,A,False
13,Dr. Ron Shalev,ron.shalev@sce.ac.il,$2b$10$1EbZYKGJ50RJqXaDIhXSHeeU.avGvRXajL/a0YFOl8.bYMBMtgLSC,lecturer,active,"""2026-05-18T18:30:00.000Z""","""2026-05-18T18:30:00.000Z""",,,,,True
14,Ori Mechanical,ori.mechanical@ac.sce.ac.il,$2b$10$1EbZYKGJ50RJqXaDIhXSHeeU.avGvRXajL/a0YFOl8.bYMBMtgLSC,student,active,"""2026-05-18T18:30:00.000Z""","""2026-05-18T18:30:00.000Z""",,3.0,First,A,False
15,Dr. Yael Katz,yael.katz@sce.ac.il,$2b$10$1EbZYKGJ50RJqXaDIhXSHeeU.avGvRXajL/a0YFOl8.bYMBMtgLSC,lecturer,active,"""2026-05-18T18:30:00.000Z""","""2026-05-18T18:30:00.000Z""",,,,,True
16,Rina Chemical,rina.chemical@ac.sce.ac.il,$2b$10$1EbZYKGJ50RJqXaDIhXSHeeU.avGvRXajL/a0YFOl8.bYMBMtgLSC,student,active,"""2026-05-18T18:30:00.000Z""","""2026-05-18T18:30:00.000Z""",,4.0,First,A,False
17,Dr. Eyal Mor,eyal.mor@sce.ac.il,$2b$10$1EbZYKGJ50RJqXaDIhXSHeeU.avGvRXajL/a0YFOl8.bYMBMtgLSC,lecturer,active,"""2026-05-18T18:30:00.000Z""","""2026-05-18T18:30:00.000Z""",,,,,True
18,Lior IEM,lior.iem@ac.sce.ac.il,$2b$10$1EbZYKGJ50RJqXaDIhXSHeeU.avGvRXajL/a0YFOl8.bYMBMtgLSC,student,active,"""2026-05-18T18:30:00.000Z""","""2026-05-18T18:30:00.000Z""",,5.0,First,A,False
19,Dr. Gal Naveh,gal.naveh@sce.ac.il,$2b$10$1EbZYKGJ50RJqXaDIhXSHeeU.avGvRXajL/a0YFOl8.bYMBMtgLSC,lecturer,active,"""2026-05-18T18:30:00.000Z""","""2026-05-18T18:30:00.000Z""",,,,,True
20,Eden Electrical,eden.electrical@ac.sce.ac.il,$2b$10$1EbZYKGJ50RJqXaDIhXSHeeU.avGvRXajL/a0YFOl8.bYMBMtgLSC,student,active,"""2026-05-18T18:30:00.000Z""","""2026-05-18T18:30:00.000Z""",,6.0,First,A,False
21,Tamar Computer Science,tamar.computer.science@ac.sce.ac.il,$2b$10$1EbZYKGJ50RJqXaDIhXSHeeU.avGvRXajL/a0YFOl8.bYMBMtgLSC,student,active,"""2026-05-18T18:30:00.000Z""","""2026-05-18T18:30:00.000Z""",,7.0,First,A,False
22,Yael Civil,yael.civil@ac.sce.ac.il,$2b$10$1EbZYKGJ50RJqXaDIhXSHeeU.avGvRXajL/a0YFOl8.bYMBMtgLSC,student,active,"""2026-05-18T20:00:00.000Z""","""2026-05-18T20:00:00.000Z""",,2.0,First,B,False
23,Omer Civil,omer.civil@ac.sce.ac.il,$2b$10$1EbZYKGJ50RJqXaDIhXSHeeU.avGvRXajL/a0YFOl8.bYMBMtgLSC,student,active,"""2026-05-18T20:00:00.000Z""","""2026-05-18T20:00:00.000Z""",,2.0,Second,A,False
24,Neta Mechanical,neta.mechanical@ac.sce.ac.il,$2b$10$1EbZYKGJ50RJqXaDIhXSHeeU.avGvRXajL/a0YFOl8.bYMBMtgLSC,student,active,"""2026-05-18T20:00:00.000Z""","""2026-05-18T20:00:00.000Z""",,3.0,First,B,False
25,Amit Mechanical,amit.mechanical@ac.sce.ac.il,$2b$10$1EbZYKGJ50RJqXaDIhXSHeeU.avGvRXajL/a0YFOl8.bYMBMtgLSC,student,active,"""2026-05-18T20:00:00.000Z""","""2026-05-18T20:00:00.000Z""",,3.0,Second,A,False
26,Noam Chemical,noam.chemical@ac.sce.ac.il,$2b$10$1EbZYKGJ50RJqXaDIhXSHeeU.avGvRXajL/a0YFOl8.bYMBMtgLSC,student,active,"""2026-05-18T20:00:00.000Z""","""2026-05-18T20:00:00.000Z""",,4.0,First,B,False
27,Shira Chemical,shira.chemical@ac.sce.ac.il,$2b$10$1EbZYKGJ50RJqXaDIhXSHeeU.avGvRXajL/a0YFOl8.bYMBMtgLSC,student,active,"""2026-05-18T20:00:00.000Z""","""2026-05-18T20:00:00.000Z""",,4.0,Second,A,False
28,Maya IEM,maya.iem@ac.sce.ac.il,$2b$10$1EbZYKGJ50RJqXaDIhXSHeeU.avGvRXajL/a0YFOl8.bYMBMtgLSC,student,active,"""2026-05-18T20:00:00.000Z""","""2026-05-18T20:00:00.000Z""",,5.0,First,B,False
29,Ido IEM,ido.iem@ac.sce.ac.il,$2b$10$1EbZYKGJ50RJqXaDIhXSHeeU.avGvRXajL/a0YFOl8.bYMBMtgLSC,student,active,"""2026-05-18T20:00:00.000Z""","""2026-05-18T20:00:00.000Z""",,5.0,Second,A,False
30,Roy Electrical,roy.electrical@ac.sce.ac.il,$2b$10$1EbZYKGJ50RJqXaDIhXSHeeU.avGvRXajL/a0YFOl8.bYMBMtgLSC,student,active,"""2026-05-18T20:00:00.000Z""","""2026-05-18T20:00:00.000Z""",,6.0,First,B,False
31,Hila Electrical,hila.electrical@ac.sce.ac.il,$2b$10$1EbZYKGJ50RJqXaDIhXSHeeU.avGvRXajL/a0YFOl8.bYMBMtgLSC,student,active,"""2026-05-18T20:00:00.000Z""","""2026-05-18T20:00:00.000Z""",,6.0,Second,A,False
32,Ari Computer Science,ari.computer.science@ac.sce.ac.il,$2b$10$1EbZYKGJ50RJqXaDIhXSHeeU.avGvRXajL/a0YFOl8.bYMBMtgLSC,student,active,"""2026-05-18T20:00:00.000Z""","""2026-05-18T20:00:00.000Z""",,7.0,First,B,False
33,Dana Computer Science,dana.computer.science@ac.sce.ac.il,$2b$10$1EbZYKGJ50RJqXaDIhXSHeeU.avGvRXajL/a0YFOl8.bYMBMtgLSC,student,active,"""2026-05-18T20:00:00.000Z""","""2026-05-18T20:00:00.000Z""",,7.0,Second,A,False
